candidate_id,candidate_name,contest_type,county,fips,first_name,incumbent,last_name,party,party_name,pct_reporting,race_type,state,timestamp,total_votes,vote_pct,vote_pct_str,votes
367,John Cornyn,SR,Anderson,48001,John,True,Cornyn,REP,Republican,98,S,Texas,2026-03-04T16:16:12.807Z,7072,43,42.6,3012
58352,Ken Paxton,SR,Anderson,48001,Ken,False,Paxton,REP,Republican,98,S,Texas,2026-03-04T16:16:12.807Z,7072,40,40.1,2836
68242,Wesley Hunt,SR,Anderson,48001,Wesley,False,Hunt,REP,Republican,98,S,Texas,2026-03-04T16:16:12.807Z,7072,15,14.7,1040
69840,Sara Canady,SR,Anderson,48001,Sara,False,Canady,REP,Republican,98,S,Texas,2026-03-04T16:16:12.807Z,7072,1,1.1,79
169980,Anna Bender,SR,Anderson,48001,Anna,False,Bender,REP,Republican,98,S,Texas,2026-03-04T16:16:12.807Z,7072,1,0.8,56
68154,Virgil Bierschwale,SR,Anderson,48001,Virgil,False,Bierschwale,REP,Republican,98,S,Texas,2026-03-04T16:16:12.807Z,7072,0,0.4,28
160846,Gulrez Khan,SR,Anderson,48001,Gulrez,False,Khan,REP,Republican,98,S,Texas,2026-03-04T16:16:12.807Z,7072,0,0.2,14
169981,John Adefope,SR,Anderson,48001,John,False,Adefope,REP,Republican,98,S,Texas,2026-03-04T16:16:12.807Z,7072,0,0.1,7
58352,Ken Paxton,SR,Andrews,48003,Ken,False,Paxton,REP,Republican,99,S,Texas,2026-03-04T17:36:26.936Z,1771,47,47.1,835
367,John Cornyn,SR,Andrews,48003,John,True,Cornyn,REP,Republican,99,S,Texas,2026-03-04T17:36:26.936Z,1771,33,33.5,593
68242,Wesley Hunt,SR,Andrews,48003,Wesley,False,Hunt,REP,Republican,99,S,Texas,2026-03-04T17:36:26.936Z,1771,13,12.8,226
69840,Sara Canady,SR,Andrews,48003,Sara,False,Canady,REP,Republican,99,S,Texas,2026-03-04T17:36:26.936Z,1771,2,1.9,34
169980,Anna Bender,SR,Andrews,48003,Anna,False,Bender,REP,Republican,99,S,Texas,2026-03-04T17:36:26.936Z,1771,1,1.6,28
160846,Gulrez Khan,SR,Andrews,48003,Gulrez,False,Khan,REP,Republican,99,S,Texas,2026-03-04T17:36:26.936Z,1771,1,1.6,28
68154,Virgil Bierschwale,SR,Andrews,48003,Virgil,False,Bierschwale,REP,Republican,99,S,Texas,2026-03-04T17:36:26.936Z,1771,1,0.8,14
169981,John Adefope,SR,Andrews,48003,John,False,Adefope,REP,Republican,99,S,Texas,2026-03-04T17:36:26.936Z,1771,1,0.7,13
367,John Cornyn,SR,Angelina,48005,John,True,Cornyn,REP,Republican,99,S,Texas,2026-03-04T17:36:31.086Z,10959,42,42.2,4622
58352,Ken Paxton,SR,Angelina,48005,Ken,False,Paxton,REP,Republican,99,S,Texas,2026-03-04T17:36:31.086Z,10959,41,40.9,4480
68242,Wesley Hunt,SR,Angelina,48005,Wesley,False,Hunt,REP,Republican,99,S,Texas,2026-03-04T17:36:31.086Z,10959,13,13.0,1420
169980,Anna Bender,SR,Angelina,48005,Anna,False,Bender,REP,Republican,99,S,Texas,2026-03-04T17:36:31.086Z,10959,2,1.8,193
69840,Sara Canady,SR,Angelina,48005,Sara,False,Canady,REP,Republican,99,S,Texas,2026-03-04T17:36:31.086Z,10959,1,1.0,114
68154,Virgil Bierschwale,SR,Angelina,48005,Virgil,False,Bierschwale,REP,Republican,99,S,Texas,2026-03-04T17:36:31.086Z,10959,0,0.4,49
160846,Gulrez Khan,SR,Angelina,48005,Gulrez,False,Khan,REP,Republican,99,S,Texas,2026-03-04T17:36:31.086Z,10959,0,0.4,47
169981,John Adefope,SR,Angelina,48005,John,False,Adefope,REP,Republican,99,S,Texas,2026-03-04T17:36:31.086Z,10959,0,0.3,34
58352,Ken Paxton,SR,Aransas,48007,Ken,False,Paxton,REP,Republican,99,S,Texas,2026-03-04T17:36:35.376Z,4508,44,43.8,1973
367,John Cornyn,SR,Aransas,48007,John,True,Cornyn,REP,Republican,99,S,Texas,2026-03-04T17:36:35.376Z,4508,42,41.6,1876
68242,Wesley Hunt,SR,Aransas,48007,Wesley,False,Hunt,REP,Republican,99,S,Texas,2026-03-04T17:36:35.376Z,4508,10,10.3,464
69840,Sara Canady,SR,Aransas,48007,Sara,False,Canady,REP,Republican,99,S,Texas,2026-03-04T17:36:35.376Z,4508,2,1.6,72
169980,Anna Bender,SR,Aransas,48007,Anna,False,Bender,REP,Republican,99,S,Texas,2026-03-04T17:36:35.376Z,4508,1,1.1,50
68154,Virgil Bierschwale,SR,Aransas,48007,Virgil,False,Bierschwale,REP,Republican,99,S,Texas,2026-03-04T17:36:35.376Z,4508,1,0.8,37
160846,Gulrez Khan,SR,Aransas,48007,Gulrez,False,Khan,REP,Republican,99,S,Texas,2026-03-04T17:36:35.376Z,4508,0,0.5,24
169981,John Adefope,SR,Aransas,48007,John,False,Adefope,REP,Republican,99,S,Texas,2026-03-04T17:36:35.376Z,4508,0,0.3,12
367,John Cornyn,SR,Archer,48009,John,True,Cornyn,REP,Republican,99,S,Texas,2026-03-04T17:36:39.052Z,1942,45,44.8,870
58352,Ken Paxton,SR,Archer,48009,Ken,False,Paxton,REP,Republican,99,S,Texas,2026-03-04T17:36:39.052Z,1942,41,41.0,796
68242,Wesley Hunt,SR,Archer,48009,Wesley,False,Hunt,REP,Republican,99,S,Texas,2026-03-04T17:36:39.052Z,1942,9,9.0,175
69840,Sara Canady,SR,Archer,48009,Sara,False,Canady,REP,Republican,99,S,Texas,2026-03-04T17:36:39.052Z,1942,2,1.9,38
169980,Anna Bender,SR,Archer,48009,Anna,False,Bender,REP,Republican,99,S,Texas,2026-03-04T17:36:39.052Z,1942,1,1.3,25
160846,Gulrez Khan,SR,Archer,48009,Gulrez,False,Khan,REP,Republican,99,S,Texas,2026-03-04T17:36:39.052Z,1942,1,0.8,16
68154,Virgil Bierschwale,SR,Archer,48009,Virgil,False,Bierschwale,REP,Republican,99,S,Texas,2026-03-04T17:36:39.052Z,1942,1,0.8,15
169981,John Adefope,SR,Archer,48009,John,False,Adefope,REP,Republican,99,S,Texas,2026-03-04T17:36:39.052Z,1942,0,0.4,7
58352,Ken Paxton,SR,Armstrong,48011,Ken,False,Paxton,REP,Republican,99,S,Texas,2026-03-04T08:22:49.103Z,525,46,46.3,243
367,John Cornyn,SR,Armstrong,48011,John,True,Cornyn,REP,Republican,99,S,Texas,2026-03-04T08:22:49.103Z,525,40,39.6,208
68242,Wesley Hunt,SR,Armstrong,48011,Wesley,False,Hunt,REP,Republican,99,S,Texas,2026-03-04T08:22:49.103Z,525,9,9.1,48
160846,Gulrez Khan,SR,Armstrong,48011,Gulrez,False,Khan,REP,Republican,99,S,Texas,2026-03-04T08:22:49.103Z,525,2,2.1,11
69840,Sara Canady,SR,Armstrong,48011,Sara,False,Canady,REP,Republican,99,S,Texas,2026-03-04T08:22:49.103Z,525,2,1.7,9
68154,Virgil Bierschwale,SR,Armstrong,48011,Virgil,False,Bierschwale,REP,Republican,99,S,Texas,2026-03-04T08:22:49.103Z,525,1,0.8,4
169981,John Adefope,SR,Armstrong,48011,John,False,Adefope,REP,Republican,99,S,Texas,2026-03-04T08:22:49.103Z,525,0,0.2,1
169980,Anna Bender,SR,Armstrong,48011,Anna,False,Bender,REP,Republican,99,S,Texas,2026-03-04T08:22:49.103Z,525,0,0.2,1
58352,Ken Paxton,SR,Atascosa,48013,Ken,False,Paxton,REP,Republican,99,S,Texas,2026-03-04T17:36:42.863Z,3884,43,43.0,1672
367,John Cornyn,SR,Atascosa,48013,John,True,Cornyn,REP,Republican,99,S,Texas,2026-03-04T17:36:42.863Z,3884,42,41.9,1628
68242,Wesley Hunt,SR,Atascosa,48013,Wesley,False,Hunt,REP,Republican,99,S,Texas,2026-03-04T17:36:42.863Z,3884,10,10.3,400
69840,Sara Canady,SR,Atascosa,48013,Sara,False,Canady,REP,Republican,99,S,Texas,2026-03-04T17:36:42.863Z,3884,3,2.8,108
169980,Anna Bender,SR,Atascosa,48013,Anna,False,Bender,REP,Republican,99,S,Texas,2026-03-04T17:36:42.863Z,3884,1,0.7,28
160846,Gulrez Khan,SR,Atascosa,48013,Gulrez,False,Khan,REP,Republican,99,S,Texas,2026-03-04T17:36:42.863Z,3884,0,0.5,19
169981,John Adefope,SR,Atascosa,48013,John,False,Adefope,REP,Republican,99,S,Texas,2026-03-04T17:36:42.863Z,3884,0,0.4,15
68154,Virgil Bierschwale,SR,Atascosa,48013,Virgil,False,Bierschwale,REP,Republican,99,S,Texas,2026-03-04T17:36:42.863Z,3884,0,0.4,14
58352,Ken Paxton,SR,Austin,48015,Ken,False,Paxton,REP,Republican,99,S,Texas,2026-03-04T17:36:46.162Z,4933,54,53.8,2652
367,John Cornyn,SR,Austin,48015,John,True,Cornyn,REP,Republican,99,S,Texas,2026-03-04T17:36:46.162Z,4933,30,30.0,1479
68242,Wesley Hunt,SR,Austin,48015,Wesley,False,Hunt,REP,Republican,99,S,Texas,2026-03-04T17:36:46.162Z,4933,14,13.9,684
169980,Anna Bender,SR,Austin,48015,Anna,False,Bender,REP,Republican,99,S,Texas,2026-03-04T17:36:46.162Z,4933,1,0.8,40
160846,Gulrez Khan,SR,Austin,48015,Gulrez,False,Khan,REP,Republican,99,S,Texas,2026-03-04T17:36:46.162Z,4933,1,0.6,31
69840,Sara Canady,SR,Austin,48015,Sara,False,Canady,REP,Republican,99,S,Texas,2026-03-04T17:36:46.162Z,4933,0,0.5,25
68154,Virgil Bierschwale,SR,Austin,48015,Virgil,False,Bierschwale,REP,Republican,99,S,Texas,2026-03-04T17:36:46.162Z,4933,0,0.2,12
169981,John Adefope,SR,Austin,48015,John,False,Adefope,REP,Republican,99,S,Texas,2026-03-04T17:36:46.162Z,4933,0,0.2,10
58352,Ken Paxton,SR,Bailey,48017,Ken,False,Paxton,REP,Republican,96,S,Texas,2026-03-04T09:03:40.579Z,678,42,42.0,285
367,John Cornyn,SR,Bailey,48017,John,True,Cornyn,REP,Republican,96,S,Texas,2026-03-04T09:03:40.579Z,678,37,36.9,250
68242,Wesley Hunt,SR,Bailey,48017,Wesley,False,Hunt,REP,Republican,96,S,Texas,2026-03-04T09:03:40.579Z,678,15,15.2,103
69840,Sara Canady,SR,Bailey,48017,Sara,False,Canady,REP,Republican,96,S,Texas,2026-03-04T09:03:40.579Z,678,2,1.9,13
169980,Anna Bender,SR,Bailey,48017,Anna,False,Bender,REP,Republican,96,S,Texas,2026-03-04T09:03:40.579Z,678,1,1.2,8
169981,John Adefope,SR,Bailey,48017,John,False,Adefope,REP,Republican,96,S,Texas,2026-03-04T09:03:40.579Z,678,1,1.0,7
68154,Virgil Bierschwale,SR,Bailey,48017,Virgil,False,Bierschwale,REP,Republican,96,S,Texas,2026-03-04T09:03:40.579Z,678,1,0.9,6
160846,Gulrez Khan,SR,Bailey,48017,Gulrez,False,Khan,REP,Republican,96,S,Texas,2026-03-04T09:03:40.579Z,678,1,0.9,6
58352,Ken Paxton,SR,Bandera,48019,Ken,False,Paxton,REP,Republican,99,S,Texas,2026-03-04T17:37:29.819Z,5134,49,48.7,2502
367,John Cornyn,SR,Bandera,48019,John,True,Cornyn,REP,Republican,99,S,Texas,2026-03-04T17:37:29.819Z,5134,36,36.3,1865
68242,Wesley Hunt,SR,Bandera,48019,Wesley,False,Hunt,REP,Republican,99,S,Texas,2026-03-04T17:37:29.819Z,5134,11,10.9,559
69840,Sara Canady,SR,Bandera,48019,Sara,False,Canady,REP,Republican,99,S,Texas,2026-03-04T17:37:29.819Z,5134,1,1.1,59
169980,Anna Bender,SR,Bandera,48019,Anna,False,Bender,REP,Republican,99,S,Texas,2026-03-04T17:37:29.819Z,5134,1,1.0,50
160846,Gulrez Khan,SR,Bandera,48019,Gulrez,False,Khan,REP,Republican,99,S,Texas,2026-03-04T17:37:29.819Z,5134,1,0.9,45
68154,Virgil Bierschwale,SR,Bandera,48019,Virgil,False,Bierschwale,REP,Republican,99,S,Texas,2026-03-04T17:37:29.819Z,5134,1,0.6,29
169981,John Adefope,SR,Bandera,48019,John,False,Adefope,REP,Republican,99,S,Texas,2026-03-04T17:37:29.819Z,5134,0,0.5,25
367,John Cornyn,SR,Bastrop,48021,John,True,Cornyn,REP,Republican,99,S,Texas,2026-03-04T17:37:05.653Z,9557,43,42.5,4065
58352,Ken Paxton,SR,Bastrop,48021,Ken,False,Paxton,REP,Republican,99,S,Texas,2026-03-04T17:37:05.653Z,9557,41,40.6,3876
68242,Wesley Hunt,SR,Bastrop,48021,Wesley,False,Hunt,REP,Republican,99,S,Texas,2026-03-04T17:37:05.653Z,9557,12,12.5,1195
69840,Sara Canady,SR,Bastrop,48021,Sara,False,Canady,REP,Republican,99,S,Texas,2026-03-04T17:37:05.653Z,9557,2,1.7,158
169980,Anna Bender,SR,Bastrop,48021,Anna,False,Bender,REP,Republican,99,S,Texas,2026-03-04T17:37:05.653Z,9557,1,1.2,114
160846,Gulrez Khan,SR,Bastrop,48021,Gulrez,False,Khan,REP,Republican,99,S,Texas,2026-03-04T17:37:05.653Z,9557,1,1.0,93
68154,Virgil Bierschwale,SR,Bastrop,48021,Virgil,False,Bierschwale,REP,Republican,99,S,Texas,2026-03-04T17:37:05.653Z,9557,0,0.3,32
169981,John Adefope,SR,Bastrop,48021,John,False,Adefope,REP,Republican,99,S,Texas,2026-03-04T17:37:05.653Z,9557,0,0.2,24
367,John Cornyn,SR,Baylor,48023,John,True,Cornyn,REP,Republican,99,S,Texas,2026-03-04T04:14:56.400Z,737,50,50.1,369
58352,Ken Paxton,SR,Baylor,48023,Ken,False,Paxton,REP,Republican,99,S,Texas,2026-03-04T04:14:56.400Z,737,37,37.0,273
68242,Wesley Hunt,SR,Baylor,48023,Wesley,False,Hunt,REP,Republican,99,S,Texas,2026-03-04T04:14:56.400Z,737,7,6.6,49
69840,Sara Canady,SR,Baylor,48023,Sara,False,Canady,REP,Republican,99,S,Texas,2026-03-04T04:14:56.400Z,737,2,2.4,18
169980,Anna Bender,SR,Baylor,48023,Anna,False,Bender,REP,Republican,99,S,Texas,2026-03-04T04:14:56.400Z,737,2,1.6,12
160846,Gulrez Khan,SR,Baylor,48023,Gulrez,False,Khan,REP,Republican,99,S,Texas,2026-03-04T04:14:56.400Z,737,1,1.1,8
68154,Virgil Bierschwale,SR,Baylor,48023,Virgil,False,Bierschwale,REP,Republican,99,S,Texas,2026-03-04T04:14:56.400Z,737,1,0.8,6
169981,John Adefope,SR,Baylor,48023,John,False,Adefope,REP,Republican,99,S,Texas,2026-03-04T04:14:56.400Z,737,0,0.3,2
58352,Ken Paxton,SR,Bee,48025,Ken,False,Paxton,REP,Republican,95,S,Texas,2026-03-04T17:37:10.422Z,3106,40,40.3,1252
367,John Cornyn,SR,Bee,48025,John,True,Cornyn,REP,Republican,95,S,Texas,2026-03-04T17:37:10.422Z,3106,40,40.1,1244
68242,Wesley Hunt,SR,Bee,48025,Wesley,False,Hunt,REP,Republican,95,S,Texas,2026-03-04T17:37:10.422Z,3106,10,10.5,326
69840,Sara Canady,SR,Bee,48025,Sara,False,Canady,REP,Republican,95,S,Texas,2026-03-04T17:37:10.422Z,3106,4,4.4,138
169980,Anna Bender,SR,Bee,48025,Anna,False,Bender,REP,Republican,95,S,Texas,2026-03-04T17:37:10.422Z,3106,3,2.5,79
160846,Gulrez Khan,SR,Bee,48025,Gulrez,False,Khan,REP,Republican,95,S,Texas,2026-03-04T17:37:10.422Z,3106,1,0.9,29
169981,John Adefope,SR,Bee,48025,John,False,Adefope,REP,Republican,95,S,Texas,2026-03-04T17:37:10.422Z,3106,1,0.7,22
68154,Virgil Bierschwale,SR,Bee,48025,Virgil,False,Bierschwale,REP,Republican,95,S,Texas,2026-03-04T17:37:10.422Z,3106,1,0.5,16
367,John Cornyn,SR,Bell,48027,John,True,Cornyn,REP,Republican,99,S,Texas,2026-03-04T17:37:01.852Z,26343,46,45.8,12072
58352,Ken Paxton,SR,Bell,48027,Ken,False,Paxton,REP,Republican,99,S,Texas,2026-03-04T17:37:01.852Z,26343,33,33.4,8789
68242,Wesley Hunt,SR,Bell,48027,Wesley,False,Hunt,REP,Republican,99,S,Texas,2026-03-04T17:37:01.852Z,26343,16,16.4,4311
169980,Anna Bender,SR,Bell,48027,Anna,False,Bender,REP,Republican,99,S,Texas,2026-03-04T17:37:01.852Z,26343,2,2.0,529
69840,Sara Canady,SR,Bell,48027,Sara,False,Canady,REP,Republican,99,S,Texas,2026-03-04T17:37:01.852Z,26343,1,1.2,328
160846,Gulrez Khan,SR,Bell,48027,Gulrez,False,Khan,REP,Republican,99,S,Texas,2026-03-04T17:37:01.852Z,26343,1,0.5,134
68154,Virgil Bierschwale,SR,Bell,48027,Virgil,False,Bierschwale,REP,Republican,99,S,Texas,2026-03-04T17:37:01.852Z,26343,0,0.4,102
169981,John Adefope,SR,Bell,48027,John,False,Adefope,REP,Republican,99,S,Texas,2026-03-04T17:37:01.852Z,26343,0,0.3,78
367,John Cornyn,SR,Bexar,48029,John,True,Cornyn,REP,Republican,99,S,Texas,2026-03-04T17:37:14.697Z,94199,45,45.4,42804
58352,Ken Paxton,SR,Bexar,48029,Ken,False,Paxton,REP,Republican,99,S,Texas,2026-03-04T17:37:14.697Z,94199,41,41.2,38796
68242,Wesley Hunt,SR,Bexar,48029,Wesley,False,Hunt,REP,Republican,99,S,Texas,2026-03-04T17:37:14.697Z,94199,10,9.9,9303
169980,Anna Bender,SR,Bexar,48029,Anna,False,Bender,REP,Republican,99,S,Texas,2026-03-04T17:37:14.697Z,94199,1,1.4,1301
69840,Sara Canady,SR,Bexar,48029,Sara,False,Canady,REP,Republican,99,S,Texas,2026-03-04T17:37:14.697Z,94199,1,0.9,842
160846,Gulrez Khan,SR,Bexar,48029,Gulrez,False,Khan,REP,Republican,99,S,Texas,2026-03-04T17:37:14.697Z,94199,1,0.6,614
68154,Virgil Bierschwale,SR,Bexar,48029,Virgil,False,Bierschwale,REP,Republican,99,S,Texas,2026-03-04T17:37:14.697Z,94199,0,0.4,335
169981,John Adefope,SR,Bexar,48029,John,False,Adefope,REP,Republican,99,S,Texas,2026-03-04T17:37:14.697Z,94199,0,0.2,204
367,John Cornyn,SR,Blanco,48031,John,True,Cornyn,REP,Republican,99,S,Texas,2026-03-04T17:37:19.142Z,3344,46,46.4,1552
58352,Ken Paxton,SR,Blanco,48031,Ken,False,Paxton,REP,Republican,99,S,Texas,2026-03-04T17:37:19.142Z,3344,38,38.1,1276
68242,Wesley Hunt,SR,Blanco,48031,Wesley,False,Hunt,REP,Republican,99,S,Texas,2026-03-04T17:37:19.142Z,3344,11,11.4,381
69840,Sara Canady,SR,Blanco,48031,Sara,False,Canady,REP,Republican,99,S,Texas,2026-03-04T17:37:19.142Z,3344,2,1.9,65
169980,Anna Bender,SR,Blanco,48031,Anna,False,Bender,REP,Republican,99,S,Texas,2026-03-04T17:37:19.142Z,3344,1,0.9,29
68154,Virgil Bierschwale,SR,Blanco,48031,Virgil,False,Bierschwale,REP,Republican,99,S,Texas,2026-03-04T17:37:19.142Z,3344,0,0.5,16
160846,Gulrez Khan,SR,Blanco,48031,Gulrez,False,Khan,REP,Republican,99,S,Texas,2026-03-04T17:37:19.142Z,3344,0,0.5,16
169981,John Adefope,SR,Blanco,48031,John,False,Adefope,REP,Republican,99,S,Texas,2026-03-04T17:37:19.142Z,3344,0,0.3,9
58352,Ken Paxton,SR,Borden,48033,Ken,False,Paxton,REP,Republican,97,S,Texas,2026-03-04T08:25:49.162Z,239,44,44.4,106
367,John Cornyn,SR,Borden,48033,John,True,Cornyn,REP,Republican,97,S,Texas,2026-03-04T08:25:49.162Z,239,34,34.3,82
68242,Wesley Hunt,SR,Borden,48033,Wesley,False,Hunt,REP,Republican,97,S,Texas,2026-03-04T08:25:49.162Z,239,17,16.7,40
69840,Sara Canady,SR,Borden,48033,Sara,False,Canady,REP,Republican,97,S,Texas,2026-03-04T08:25:49.162Z,239,3,2.5,6
169980,Anna Bender,SR,Borden,48033,Anna,False,Bender,REP,Republican,97,S,Texas,2026-03-04T08:25:49.162Z,239,1,0.8,2
68154,Virgil Bierschwale,SR,Borden,48033,Virgil,False,Bierschwale,REP,Republican,97,S,Texas,2026-03-04T08:25:49.162Z,239,1,0.8,2
160846,Gulrez Khan,SR,Borden,48033,Gulrez,False,Khan,REP,Republican,97,S,Texas,2026-03-04T08:25:49.162Z,239,0,0.4,1
169981,John Adefope,SR,Borden,48033,John,False,Adefope,REP,Republican,97,S,Texas,2026-03-04T08:25:49.162Z,239,0,0.0,0
58352,Ken Paxton,SR,Bosque,48035,Ken,False,Paxton,REP,Republican,99,S,Texas,2026-03-04T07:13:16.142Z,3524,45,44.6,1571
367,John Cornyn,SR,Bosque,48035,John,True,Cornyn,REP,Republican,99,S,Texas,2026-03-04T07:13:16.142Z,3524,39,38.8,1369
68242,Wesley Hunt,SR,Bosque,48035,Wesley,False,Hunt,REP,Republican,99,S,Texas,2026-03-04T07:13:16.142Z,3524,13,13.4,471
69840,Sara Canady,SR,Bosque,48035,Sara,False,Canady,REP,Republican,99,S,Texas,2026-03-04T07:13:16.142Z,3524,1,1.0,37
169980,Anna Bender,SR,Bosque,48035,Anna,False,Bender,REP,Republican,99,S,Texas,2026-03-04T07:13:16.142Z,3524,1,0.9,33
68154,Virgil Bierschwale,SR,Bosque,48035,Virgil,False,Bierschwale,REP,Republican,99,S,Texas,2026-03-04T07:13:16.142Z,3524,0,0.5,16
160846,Gulrez Khan,SR,Bosque,48035,Gulrez,False,Khan,REP,Republican,99,S,Texas,2026-03-04T07:13:16.142Z,3524,0,0.5,16
169981,John Adefope,SR,Bosque,48035,John,False,Adefope,REP,Republican,99,S,Texas,2026-03-04T07:13:16.142Z,3524,0,0.3,11
58352,Ken Paxton,SR,Bowie,48037,Ken,False,Paxton,REP,Republican,99,S,Texas,2026-03-04T17:37:22.368Z,11504,44,44.5,5115
367,John Cornyn,SR,Bowie,48037,John,True,Cornyn,REP,Republican,99,S,Texas,2026-03-04T17:37:22.368Z,11504,38,37.9,4363
68242,Wesley Hunt,SR,Bowie,48037,Wesley,False,Hunt,REP,Republican,99,S,Texas,2026-03-04T17:37:22.368Z,11504,13,13.2,1522
69840,Sara Canady,SR,Bowie,48037,Sara,False,Canady,REP,Republican,99,S,Texas,2026-03-04T17:37:22.368Z,11504,2,1.7,193
169980,Anna Bender,SR,Bowie,48037,Anna,False,Bender,REP,Republican,99,S,Texas,2026-03-04T17:37:22.368Z,11504,2,1.5,174
160846,Gulrez Khan,SR,Bowie,48037,Gulrez,False,Khan,REP,Republican,99,S,Texas,2026-03-04T17:37:22.368Z,11504,0,0.5,52
169981,John Adefope,SR,Bowie,48037,John,False,Adefope,REP,Republican,99,S,Texas,2026-03-04T17:37:22.368Z,11504,0,0.4,51
68154,Virgil Bierschwale,SR,Bowie,48037,Virgil,False,Bierschwale,REP,Republican,99,S,Texas,2026-03-04T17:37:22.368Z,11504,0,0.3,34
58352,Ken Paxton,SR,Brazoria,48039,Ken,False,Paxton,REP,Republican,99,S,Texas,2026-03-04T17:37:25.742Z,31518,41,41.0,12921
367,John Cornyn,SR,Brazoria,48039,John,True,Cornyn,REP,Republican,99,S,Texas,2026-03-04T17:37:25.742Z,31518,38,37.7,11891
68242,Wesley Hunt,SR,Brazoria,48039,Wesley,False,Hunt,REP,Republican,99,S,Texas,2026-03-04T17:37:25.742Z,31518,17,17.4,5499
69840,Sara Canady,SR,Brazoria,48039,Sara,False,Canady,REP,Republican,99,S,Texas,2026-03-04T17:37:25.742Z,31518,2,1.5,480
169980,Anna Bender,SR,Brazoria,48039,Anna,False,Bender,REP,Republican,99,S,Texas,2026-03-04T17:37:25.742Z,31518,1,1.1,341
160846,Gulrez Khan,SR,Brazoria,48039,Gulrez,False,Khan,REP,Republican,99,S,Texas,2026-03-04T17:37:25.742Z,31518,1,0.6,183
68154,Virgil Bierschwale,SR,Brazoria,48039,Virgil,False,Bierschwale,REP,Republican,99,S,Texas,2026-03-04T17:37:25.742Z,31518,0,0.4,122
169981,John Adefope,SR,Brazoria,48039,John,False,Adefope,REP,Republican,99,S,Texas,2026-03-04T17:37:25.742Z,31518,0,0.3,81
367,John Cornyn,SR,Brazos,48041,John,True,Cornyn,REP,Republican,99,S,Texas,2026-03-04T17:37:33.592Z,17667,47,46.6,8230
58352,Ken Paxton,SR,Brazos,48041,Ken,False,Paxton,REP,Republican,99,S,Texas,2026-03-04T17:37:33.592Z,17667,35,35.5,6269
68242,Wesley Hunt,SR,Brazos,48041,Wesley,False,Hunt,REP,Republican,99,S,Texas,2026-03-04T17:37:33.592Z,17667,13,13.1,2311
69840,Sara Canady,SR,Brazos,48041,Sara,False,Canady,REP,Republican,99,S,Texas,2026-03-04T17:37:33.592Z,17667,2,1.8,315
169980,Anna Bender,SR,Brazos,48041,Anna,False,Bender,REP,Republican,99,S,Texas,2026-03-04T17:37:33.592Z,17667,2,1.5,273
160846,Gulrez Khan,SR,Brazos,48041,Gulrez,False,Khan,REP,Republican,99,S,Texas,2026-03-04T17:37:33.592Z,17667,1,0.7,130
68154,Virgil Bierschwale,SR,Brazos,48041,Virgil,False,Bierschwale,REP,Republican,99,S,Texas,2026-03-04T17:37:33.592Z,17667,0,0.5,89
169981,John Adefope,SR,Brazos,48041,John,False,Adefope,REP,Republican,99,S,Texas,2026-03-04T17:37:33.592Z,17667,0,0.3,50
58352,Ken Paxton,SR,Brewster,48043,Ken,False,Paxton,REP,Republican,99,S,Texas,2026-03-04T05:55:53.788Z,917,50,50.3,461
367,John Cornyn,SR,Brewster,48043,John,True,Cornyn,REP,Republican,99,S,Texas,2026-03-04T05:55:53.788Z,917,33,32.8,301
68242,Wesley Hunt,SR,Brewster,48043,Wesley,False,Hunt,REP,Republican,99,S,Texas,2026-03-04T05:55:53.788Z,917,11,11.2,103
69840,Sara Canady,SR,Brewster,48043,Sara,False,Canady,REP,Republican,99,S,Texas,2026-03-04T05:55:53.788Z,917,3,2.5,23
160846,Gulrez Khan,SR,Brewster,48043,Gulrez,False,Khan,REP,Republican,99,S,Texas,2026-03-04T05:55:53.788Z,917,1,1.3,12
169980,Anna Bender,SR,Brewster,48043,Anna,False,Bender,REP,Republican,99,S,Texas,2026-03-04T05:55:53.788Z,917,1,1.1,10
68154,Virgil Bierschwale,SR,Brewster,48043,Virgil,False,Bierschwale,REP,Republican,99,S,Texas,2026-03-04T05:55:53.788Z,917,0,0.4,4
169981,John Adefope,SR,Brewster,48043,John,False,Adefope,REP,Republican,99,S,Texas,2026-03-04T05:55:53.788Z,917,0,0.3,3
58352,Ken Paxton,SR,Briscoe,48045,Ken,False,Paxton,REP,Republican,97,S,Texas,2026-03-04T09:24:29.582Z,416,49,49.3,205
367,John Cornyn,SR,Briscoe,48045,John,True,Cornyn,REP,Republican,97,S,Texas,2026-03-04T09:24:29.582Z,416,37,37.3,155
68242,Wesley Hunt,SR,Briscoe,48045,Wesley,False,Hunt,REP,Republican,97,S,Texas,2026-03-04T09:24:29.582Z,416,10,10.1,42
169980,Anna Bender,SR,Briscoe,48045,Anna,False,Bender,REP,Republican,97,S,Texas,2026-03-04T09:24:29.582Z,416,1,1.4,6
69840,Sara Canady,SR,Briscoe,48045,Sara,False,Canady,REP,Republican,97,S,Texas,2026-03-04T09:24:29.582Z,416,1,1.0,4
68154,Virgil Bierschwale,SR,Briscoe,48045,Virgil,False,Bierschwale,REP,Republican,97,S,Texas,2026-03-04T09:24:29.582Z,416,0,0.5,2
169981,John Adefope,SR,Briscoe,48045,John,False,Adefope,REP,Republican,97,S,Texas,2026-03-04T09:24:29.582Z,416,0,0.2,1
160846,Gulrez Khan,SR,Briscoe,48045,Gulrez,False,Khan,REP,Republican,97,S,Texas,2026-03-04T09:24:29.582Z,416,0,0.2,1
58352,Ken Paxton,SR,Brooks,48047,Ken,False,Paxton,REP,Republican,99,S,Texas,2026-03-04T16:55:36.521Z,156,44,44.2,69
367,John Cornyn,SR,Brooks,48047,John,True,Cornyn,REP,Republican,99,S,Texas,2026-03-04T16:55:36.521Z,156,28,27.6,43
68242,Wesley Hunt,SR,Brooks,48047,Wesley,False,Hunt,REP,Republican,99,S,Texas,2026-03-04T16:55:36.521Z,156,13,13.5,21
69840,Sara Canady,SR,Brooks,48047,Sara,False,Canady,REP,Republican,99,S,Texas,2026-03-04T16:55:36.521Z,156,8,7.7,12
160846,Gulrez Khan,SR,Brooks,48047,Gulrez,False,Khan,REP,Republican,99,S,Texas,2026-03-04T16:55:36.521Z,156,3,3.2,5
169981,John Adefope,SR,Brooks,48047,John,False,Adefope,REP,Republican,99,S,Texas,2026-03-04T16:55:36.521Z,156,2,1.9,3
169980,Anna Bender,SR,Brooks,48047,Anna,False,Bender,REP,Republican,99,S,Texas,2026-03-04T16:55:36.521Z,156,2,1.9,3
68154,Virgil Bierschwale,SR,Brooks,48047,Virgil,False,Bierschwale,REP,Republican,99,S,Texas,2026-03-04T16:55:36.521Z,156,0,0.0,0
367,John Cornyn,SR,Brown,48049,John,True,Cornyn,REP,Republican,99,S,Texas,2026-03-04T09:01:50.122Z,6322,43,43.1,2726
58352,Ken Paxton,SR,Brown,48049,Ken,False,Paxton,REP,Republican,99,S,Texas,2026-03-04T09:01:50.122Z,6322,43,42.7,2700
68242,Wesley Hunt,SR,Brown,48049,Wesley,False,Hunt,REP,Republican,99,S,Texas,2026-03-04T09:01:50.122Z,6322,10,10.0,634
69840,Sara Canady,SR,Brown,48049,Sara,False,Canady,REP,Republican,99,S,Texas,2026-03-04T09:01:50.122Z,6322,1,1.4,92
169980,Anna Bender,SR,Brown,48049,Anna,False,Bender,REP,Republican,99,S,Texas,2026-03-04T09:01:50.122Z,6322,1,1.1,69
160846,Gulrez Khan,SR,Brown,48049,Gulrez,False,Khan,REP,Republican,99,S,Texas,2026-03-04T09:01:50.122Z,6322,1,0.9,55
68154,Virgil Bierschwale,SR,Brown,48049,Virgil,False,Bierschwale,REP,Republican,99,S,Texas,2026-03-04T09:01:50.122Z,6322,0,0.5,29
169981,John Adefope,SR,Brown,48049,John,False,Adefope,REP,Republican,99,S,Texas,2026-03-04T09:01:50.122Z,6322,0,0.3,17
58352,Ken Paxton,SR,Burleson,48051,Ken,False,Paxton,REP,Republican,99,S,Texas,2026-03-04T16:20:22.916Z,2883,48,48.0,1385
367,John Cornyn,SR,Burleson,48051,John,True,Cornyn,REP,Republican,99,S,Texas,2026-03-04T16:20:22.916Z,2883,35,35.2,1015
68242,Wesley Hunt,SR,Burleson,48051,Wesley,False,Hunt,REP,Republican,99,S,Texas,2026-03-04T16:20:22.916Z,2883,14,14.2,409
69840,Sara Canady,SR,Burleson,48051,Sara,False,Canady,REP,Republican,99,S,Texas,2026-03-04T16:20:22.916Z,2883,1,0.7,21
169980,Anna Bender,SR,Burleson,48051,Anna,False,Bender,REP,Republican,99,S,Texas,2026-03-04T16:20:22.916Z,2883,1,0.7,20
160846,Gulrez Khan,SR,Burleson,48051,Gulrez,False,Khan,REP,Republican,99,S,Texas,2026-03-04T16:20:22.916Z,2883,1,0.5,15
68154,Virgil Bierschwale,SR,Burleson,48051,Virgil,False,Bierschwale,REP,Republican,99,S,Texas,2026-03-04T16:20:22.916Z,2883,0,0.5,14
169981,John Adefope,SR,Burleson,48051,John,False,Adefope,REP,Republican,99,S,Texas,2026-03-04T16:20:22.916Z,2883,0,0.1,4
367,John Cornyn,SR,Burnet,48053,John,True,Cornyn,REP,Republican,99,S,Texas,2026-03-04T06:29:06.438Z,9422,48,48.3,4553
58352,Ken Paxton,SR,Burnet,48053,Ken,False,Paxton,REP,Republican,99,S,Texas,2026-03-04T06:29:06.438Z,9422,37,36.6,3451
68242,Wesley Hunt,SR,Burnet,48053,Wesley,False,Hunt,REP,Republican,99,S,Texas,2026-03-04T06:29:06.438Z,9422,12,11.5,1084
69840,Sara Canady,SR,Burnet,48053,Sara,False,Canady,REP,Republican,99,S,Texas,2026-03-04T06:29:06.438Z,9422,1,1.5,139
169980,Anna Bender,SR,Burnet,48053,Anna,False,Bender,REP,Republican,99,S,Texas,2026-03-04T06:29:06.438Z,9422,1,0.9,87
68154,Virgil Bierschwale,SR,Burnet,48053,Virgil,False,Bierschwale,REP,Republican,99,S,Texas,2026-03-04T06:29:06.438Z,9422,0,0.5,47
160846,Gulrez Khan,SR,Burnet,48053,Gulrez,False,Khan,REP,Republican,99,S,Texas,2026-03-04T06:29:06.438Z,9422,0,0.5,47
169981,John Adefope,SR,Burnet,48053,John,False,Adefope,REP,Republican,99,S,Texas,2026-03-04T06:29:06.438Z,9422,0,0.1,14
367,John Cornyn,SR,Caldwell,48055,John,True,Cornyn,REP,Republican,99,S,Texas,2026-03-04T07:14:17.212Z,3527,43,43.4,1530
58352,Ken Paxton,SR,Caldwell,48055,Ken,False,Paxton,REP,Republican,99,S,Texas,2026-03-04T07:14:17.212Z,3527,40,40.5,1427
68242,Wesley Hunt,SR,Caldwell,48055,Wesley,False,Hunt,REP,Republican,99,S,Texas,2026-03-04T07:14:17.212Z,3527,12,12.0,423
169980,Anna Bender,SR,Caldwell,48055,Anna,False,Bender,REP,Republican,99,S,Texas,2026-03-04T07:14:17.212Z,3527,2,1.6,57
69840,Sara Canady,SR,Caldwell,48055,Sara,False,Canady,REP,Republican,99,S,Texas,2026-03-04T07:14:17.212Z,3527,1,0.9,33
160846,Gulrez Khan,SR,Caldwell,48055,Gulrez,False,Khan,REP,Republican,99,S,Texas,2026-03-04T07:14:17.212Z,3527,1,0.8,29
169981,John Adefope,SR,Caldwell,48055,John,False,Adefope,REP,Republican,99,S,Texas,2026-03-04T07:14:17.212Z,3527,0,0.4,14
68154,Virgil Bierschwale,SR,Caldwell,48055,Virgil,False,Bierschwale,REP,Republican,99,S,Texas,2026-03-04T07:14:17.212Z,3527,0,0.4,14
367,John Cornyn,SR,Calhoun,48057,John,True,Cornyn,REP,Republican,1,S,Texas,2026-03-04T08:01:10.046Z,44,66,65.9,29
58352,Ken Paxton,SR,Calhoun,48057,Ken,False,Paxton,REP,Republican,1,S,Texas,2026-03-04T08:01:10.046Z,44,23,22.7,10
68242,Wesley Hunt,SR,Calhoun,48057,Wesley,False,Hunt,REP,Republican,1,S,Texas,2026-03-04T08:01:10.046Z,44,9,9.1,4
169980,Anna Bender,SR,Calhoun,48057,Anna,False,Bender,REP,Republican,1,S,Texas,2026-03-04T08:01:10.046Z,44,2,2.3,1
169981,John Adefope,SR,Calhoun,48057,John,False,Adefope,REP,Republican,1,S,Texas,2026-03-04T08:01:10.046Z,44,0,0.0,0
68154,Virgil Bierschwale,SR,Calhoun,48057,Virgil,False,Bierschwale,REP,Republican,1,S,Texas,2026-03-04T08:01:10.046Z,44,0,0.0,0
69840,Sara Canady,SR,Calhoun,48057,Sara,False,Canady,REP,Republican,1,S,Texas,2026-03-04T08:01:10.046Z,44,0,0.0,0
160846,Gulrez Khan,SR,Calhoun,48057,Gulrez,False,Khan,REP,Republican,1,S,Texas,2026-03-04T08:01:10.046Z,44,0,0.0,0
367,John Cornyn,SR,Callahan,48059,John,True,Cornyn,REP,Republican,99,S,Texas,2026-03-04T05:29:14.349Z,2531,44,44.4,1125
58352,Ken Paxton,SR,Callahan,48059,Ken,False,Paxton,REP,Republican,99,S,Texas,2026-03-04T05:29:14.349Z,2531,41,40.9,1034
68242,Wesley Hunt,SR,Callahan,48059,Wesley,False,Hunt,REP,Republican,99,S,Texas,2026-03-04T05:29:14.349Z,2531,11,11.1,282
69840,Sara Canady,SR,Callahan,48059,Sara,False,Canady,REP,Republican,99,S,Texas,2026-03-04T05:29:14.349Z,2531,2,1.9,47
169980,Anna Bender,SR,Callahan,48059,Anna,False,Bender,REP,Republican,99,S,Texas,2026-03-04T05:29:14.349Z,2531,1,0.7,18
160846,Gulrez Khan,SR,Callahan,48059,Gulrez,False,Khan,REP,Republican,99,S,Texas,2026-03-04T05:29:14.349Z,2531,0,0.4,11
169981,John Adefope,SR,Callahan,48059,John,False,Adefope,REP,Republican,99,S,Texas,2026-03-04T05:29:14.349Z,2531,0,0.3,7
68154,Virgil Bierschwale,SR,Callahan,48059,Virgil,False,Bierschwale,REP,Republican,99,S,Texas,2026-03-04T05:29:14.349Z,2531,0,0.3,7
367,John Cornyn,SR,Cameron,48061,John,True,Cornyn,REP,Republican,99,S,Texas,2026-03-04T07:27:23.290Z,13615,46,46.2,6292
58352,Ken Paxton,SR,Cameron,48061,Ken,False,Paxton,REP,Republican,99,S,Texas,2026-03-04T07:27:23.290Z,13615,34,34.5,4692
68242,Wesley Hunt,SR,Cameron,48061,Wesley,False,Hunt,REP,Republican,99,S,Texas,2026-03-04T07:27:23.290Z,13615,10,9.8,1334
69840,Sara Canady,SR,Cameron,48061,Sara,False,Canady,REP,Republican,99,S,Texas,2026-03-04T07:27:23.290Z,13615,3,3.2,432
169980,Anna Bender,SR,Cameron,48061,Anna,False,Bender,REP,Republican,99,S,Texas,2026-03-04T07:27:23.290Z,13615,2,1.9,267
68154,Virgil Bierschwale,SR,Cameron,48061,Virgil,False,Bierschwale,REP,Republican,99,S,Texas,2026-03-04T07:27:23.290Z,13615,2,1.7,232
160846,Gulrez Khan,SR,Cameron,48061,Gulrez,False,Khan,REP,Republican,99,S,Texas,2026-03-04T07:27:23.290Z,13615,1,1.5,204
169981,John Adefope,SR,Cameron,48061,John,False,Adefope,REP,Republican,99,S,Texas,2026-03-04T07:27:23.290Z,13615,1,1.2,162
58352,Ken Paxton,SR,Camp,48063,Ken,False,Paxton,REP,Republican,98,S,Texas,2026-03-04T16:27:20.253Z,1682,49,48.8,820
367,John Cornyn,SR,Camp,48063,John,True,Cornyn,REP,Republican,98,S,Texas,2026-03-04T16:27:20.253Z,1682,37,36.7,617
68242,Wesley Hunt,SR,Camp,48063,Wesley,False,Hunt,REP,Republican,98,S,Texas,2026-03-04T16:27:20.253Z,1682,13,12.6,212
169980,Anna Bender,SR,Camp,48063,Anna,False,Bender,REP,Republican,98,S,Texas,2026-03-04T16:27:20.253Z,1682,1,0.9,15
69840,Sara Canady,SR,Camp,48063,Sara,False,Canady,REP,Republican,98,S,Texas,2026-03-04T16:27:20.253Z,1682,0,0.5,8
68154,Virgil Bierschwale,SR,Camp,48063,Virgil,False,Bierschwale,REP,Republican,98,S,Texas,2026-03-04T16:27:20.253Z,1682,0,0.2,4
160846,Gulrez Khan,SR,Camp,48063,Gulrez,False,Khan,REP,Republican,98,S,Texas,2026-03-04T16:27:20.253Z,1682,0,0.2,4
169981,John Adefope,SR,Camp,48063,John,False,Adefope,REP,Republican,98,S,Texas,2026-03-04T16:27:20.253Z,1682,0,0.1,2
367,John Cornyn,SR,Carson,48065,John,True,Cornyn,REP,Republican,99,S,Texas,2026-03-04T09:16:19.581Z,1209,52,51.5,623
58352,Ken Paxton,SR,Carson,48065,Ken,False,Paxton,REP,Republican,99,S,Texas,2026-03-04T09:16:19.581Z,1209,37,36.6,442
68242,Wesley Hunt,SR,Carson,48065,Wesley,False,Hunt,REP,Republican,99,S,Texas,2026-03-04T09:16:19.581Z,1209,8,7.5,91
68154,Virgil Bierschwale,SR,Carson,48065,Virgil,False,Bierschwale,REP,Republican,99,S,Texas,2026-03-04T09:16:19.581Z,1209,1,1.5,18
69840,Sara Canady,SR,Carson,48065,Sara,False,Canady,REP,Republican,99,S,Texas,2026-03-04T09:16:19.581Z,1209,1,1.5,18
169980,Anna Bender,SR,Carson,48065,Anna,False,Bender,REP,Republican,99,S,Texas,2026-03-04T09:16:19.581Z,1209,1,1.1,13
160846,Gulrez Khan,SR,Carson,48065,Gulrez,False,Khan,REP,Republican,99,S,Texas,2026-03-04T09:16:19.581Z,1209,0,0.2,3
169981,John Adefope,SR,Carson,48065,John,False,Adefope,REP,Republican,99,S,Texas,2026-03-04T09:16:19.581Z,1209,0,0.1,1
58352,Ken Paxton,SR,Cass,48067,Ken,False,Paxton,REP,Republican,98,S,Texas,2026-03-04T07:43:25.377Z,5413,55,55.3,2996
367,John Cornyn,SR,Cass,48067,John,True,Cornyn,REP,Republican,98,S,Texas,2026-03-04T07:43:25.377Z,5413,30,29.8,1612
68242,Wesley Hunt,SR,Cass,48067,Wesley,False,Hunt,REP,Republican,98,S,Texas,2026-03-04T07:43:25.377Z,5413,11,11.1,600
69840,Sara Canady,SR,Cass,48067,Sara,False,Canady,REP,Republican,98,S,Texas,2026-03-04T07:43:25.377Z,5413,1,1.3,73
169980,Anna Bender,SR,Cass,48067,Anna,False,Bender,REP,Republican,98,S,Texas,2026-03-04T07:43:25.377Z,5413,1,1.2,64
160846,Gulrez Khan,SR,Cass,48067,Gulrez,False,Khan,REP,Republican,98,S,Texas,2026-03-04T07:43:25.377Z,5413,1,0.8,42
68154,Virgil Bierschwale,SR,Cass,48067,Virgil,False,Bierschwale,REP,Republican,98,S,Texas,2026-03-04T07:43:25.377Z,5413,0,0.3,14
169981,John Adefope,SR,Cass,48067,John,False,Adefope,REP,Republican,98,S,Texas,2026-03-04T07:43:25.377Z,5413,0,0.2,12
367,John Cornyn,SR,Castro,48069,John,True,Cornyn,REP,Republican,99,S,Texas,2026-03-04T17:14:15.453Z,954,48,47.9,457
58352,Ken Paxton,SR,Castro,48069,Ken,False,Paxton,REP,Republican,99,S,Texas,2026-03-04T17:14:15.453Z,954,41,40.9,390
68242,Wesley Hunt,SR,Castro,48069,Wesley,False,Hunt,REP,Republican,99,S,Texas,2026-03-04T17:14:15.453Z,954,6,6.2,59
69840,Sara Canady,SR,Castro,48069,Sara,False,Canady,REP,Republican,99,S,Texas,2026-03-04T17:14:15.453Z,954,2,1.8,17
169980,Anna Bender,SR,Castro,48069,Anna,False,Bender,REP,Republican,99,S,Texas,2026-03-04T17:14:15.453Z,954,2,1.7,16
160846,Gulrez Khan,SR,Castro,48069,Gulrez,False,Khan,REP,Republican,99,S,Texas,2026-03-04T17:14:15.453Z,954,1,0.9,9
68154,Virgil Bierschwale,SR,Castro,48069,Virgil,False,Bierschwale,REP,Republican,99,S,Texas,2026-03-04T17:14:15.453Z,954,0,0.4,4
169981,John Adefope,SR,Castro,48069,John,False,Adefope,REP,Republican,99,S,Texas,2026-03-04T17:14:15.453Z,954,0,0.2,2
58352,Ken Paxton,SR,Chambers,48071,Ken,False,Paxton,REP,Republican,99,S,Texas,2026-03-04T08:05:37.814Z,7570,44,44.1,3335
367,John Cornyn,SR,Chambers,48071,John,True,Cornyn,REP,Republican,99,S,Texas,2026-03-04T08:05:37.814Z,7570,32,32.0,2421
68242,Wesley Hunt,SR,Chambers,48071,Wesley,False,Hunt,REP,Republican,99,S,Texas,2026-03-04T08:05:37.814Z,7570,20,20.5,1551
169980,Anna Bender,SR,Chambers,48071,Anna,False,Bender,REP,Republican,99,S,Texas,2026-03-04T08:05:37.814Z,7570,1,1.3,96
69840,Sara Canady,SR,Chambers,48071,Sara,False,Canady,REP,Republican,99,S,Texas,2026-03-04T08:05:37.814Z,7570,1,0.9,66
68154,Virgil Bierschwale,SR,Chambers,48071,Virgil,False,Bierschwale,REP,Republican,99,S,Texas,2026-03-04T08:05:37.814Z,7570,1,0.6,49
160846,Gulrez Khan,SR,Chambers,48071,Gulrez,False,Khan,REP,Republican,99,S,Texas,2026-03-04T08:05:37.814Z,7570,0,0.4,33
169981,John Adefope,SR,Chambers,48071,John,False,Adefope,REP,Republican,99,S,Texas,2026-03-04T08:05:37.814Z,7570,0,0.2,19
58352,Ken Paxton,SR,Cherokee,48073,Ken,False,Paxton,REP,Republican,99,S,Texas,2026-03-04T06:56:55.474Z,6676,47,46.6,3112
367,John Cornyn,SR,Cherokee,48073,John,True,Cornyn,REP,Republican,99,S,Texas,2026-03-04T06:56:55.474Z,6676,38,37.6,2512
68242,Wesley Hunt,SR,Cherokee,48073,Wesley,False,Hunt,REP,Republican,99,S,Texas,2026-03-04T06:56:55.474Z,6676,12,12.4,831
69840,Sara Canady,SR,Cherokee,48073,Sara,False,Canady,REP,Republican,99,S,Texas,2026-03-04T06:56:55.474Z,6676,1,1.1,72
169981,John Adefope,SR,Cherokee,48073,John,False,Adefope,REP,Republican,99,S,Texas,2026-03-04T06:56:55.474Z,6676,1,1.0,70
169980,Anna Bender,SR,Cherokee,48073,Anna,False,Bender,REP,Republican,99,S,Texas,2026-03-04T06:56:55.474Z,6676,1,0.6,39
68154,Virgil Bierschwale,SR,Cherokee,48073,Virgil,False,Bierschwale,REP,Republican,99,S,Texas,2026-03-04T06:56:55.474Z,6676,0,0.3,22
160846,Gulrez Khan,SR,Cherokee,48073,Gulrez,False,Khan,REP,Republican,99,S,Texas,2026-03-04T06:56:55.474Z,6676,0,0.3,18
367,John Cornyn,SR,Childress,48075,John,True,Cornyn,REP,Republican,99,S,Texas,2026-03-04T05:38:31.682Z,680,47,46.6,317
58352,Ken Paxton,SR,Childress,48075,Ken,False,Paxton,REP,Republican,99,S,Texas,2026-03-04T05:38:31.682Z,680,44,44.3,301
68242,Wesley Hunt,SR,Childress,48075,Wesley,False,Hunt,REP,Republican,99,S,Texas,2026-03-04T05:38:31.682Z,680,6,6.5,44
69840,Sara Canady,SR,Childress,48075,Sara,False,Canady,REP,Republican,99,S,Texas,2026-03-04T05:38:31.682Z,680,1,1.3,9
169980,Anna Bender,SR,Childress,48075,Anna,False,Bender,REP,Republican,99,S,Texas,2026-03-04T05:38:31.682Z,680,1,0.9,6
169981,John Adefope,SR,Childress,48075,John,False,Adefope,REP,Republican,99,S,Texas,2026-03-04T05:38:31.682Z,680,0,0.1,1
68154,Virgil Bierschwale,SR,Childress,48075,Virgil,False,Bierschwale,REP,Republican,99,S,Texas,2026-03-04T05:38:31.682Z,680,0,0.1,1
160846,Gulrez Khan,SR,Childress,48075,Gulrez,False,Khan,REP,Republican,99,S,Texas,2026-03-04T05:38:31.682Z,680,0,0.1,1
367,John Cornyn,SR,Clay,48077,John,True,Cornyn,REP,Republican,99,S,Texas,2026-03-04T17:16:25.613Z,2076,45,45.5,944
58352,Ken Paxton,SR,Clay,48077,Ken,False,Paxton,REP,Republican,99,S,Texas,2026-03-04T17:16:25.613Z,2076,43,42.6,885
68242,Wesley Hunt,SR,Clay,48077,Wesley,False,Hunt,REP,Republican,99,S,Texas,2026-03-04T17:16:25.613Z,2076,9,9.3,193
169980,Anna Bender,SR,Clay,48077,Anna,False,Bender,REP,Republican,99,S,Texas,2026-03-04T17:16:25.613Z,2076,1,1.0,21
69840,Sara Canady,SR,Clay,48077,Sara,False,Canady,REP,Republican,99,S,Texas,2026-03-04T17:16:25.613Z,2076,1,0.9,19
160846,Gulrez Khan,SR,Clay,48077,Gulrez,False,Khan,REP,Republican,99,S,Texas,2026-03-04T17:16:25.613Z,2076,0,0.4,8
68154,Virgil Bierschwale,SR,Clay,48077,Virgil,False,Bierschwale,REP,Republican,99,S,Texas,2026-03-04T17:16:25.613Z,2076,0,0.2,5
169981,John Adefope,SR,Clay,48077,John,False,Adefope,REP,Republican,99,S,Texas,2026-03-04T17:16:25.613Z,2076,0,0.0,1
58352,Ken Paxton,SR,Cochran,48079,Ken,False,Paxton,REP,Republican,99,S,Texas,2026-03-04T06:40:42.410Z,449,43,43.2,194
367,John Cornyn,SR,Cochran,48079,John,True,Cornyn,REP,Republican,99,S,Texas,2026-03-04T06:40:42.410Z,449,32,31.6,142
68242,Wesley Hunt,SR,Cochran,48079,Wesley,False,Hunt,REP,Republican,99,S,Texas,2026-03-04T06:40:42.410Z,449,13,12.9,58
68154,Virgil Bierschwale,SR,Cochran,48079,Virgil,False,Bierschwale,REP,Republican,99,S,Texas,2026-03-04T06:40:42.410Z,449,4,4.0,18
169980,Anna Bender,SR,Cochran,48079,Anna,False,Bender,REP,Republican,99,S,Texas,2026-03-04T06:40:42.410Z,449,3,3.3,15
69840,Sara Canady,SR,Cochran,48079,Sara,False,Canady,REP,Republican,99,S,Texas,2026-03-04T06:40:42.410Z,449,3,3.1,14
160846,Gulrez Khan,SR,Cochran,48079,Gulrez,False,Khan,REP,Republican,99,S,Texas,2026-03-04T06:40:42.410Z,449,2,1.6,7
169981,John Adefope,SR,Cochran,48079,John,False,Adefope,REP,Republican,99,S,Texas,2026-03-04T06:40:42.410Z,449,0,0.2,1
367,John Cornyn,SR,Coke,48081,John,True,Cornyn,REP,Republican,99,S,Texas,2026-03-04T06:17:19.946Z,661,45,44.9,297
58352,Ken Paxton,SR,Coke,48081,Ken,False,Paxton,REP,Republican,99,S,Texas,2026-03-04T06:17:19.946Z,661,37,36.6,242
68242,Wesley Hunt,SR,Coke,48081,Wesley,False,Hunt,REP,Republican,99,S,Texas,2026-03-04T06:17:19.946Z,661,15,15.0,99
169980,Anna Bender,SR,Coke,48081,Anna,False,Bender,REP,Republican,99,S,Texas,2026-03-04T06:17:19.946Z,661,1,1.2,8
68154,Virgil Bierschwale,SR,Coke,48081,Virgil,False,Bierschwale,REP,Republican,99,S,Texas,2026-03-04T06:17:19.946Z,661,1,0.9,6
69840,Sara Canady,SR,Coke,48081,Sara,False,Canady,REP,Republican,99,S,Texas,2026-03-04T06:17:19.946Z,661,1,0.9,6
160846,Gulrez Khan,SR,Coke,48081,Gulrez,False,Khan,REP,Republican,99,S,Texas,2026-03-04T06:17:19.946Z,661,0,0.5,3
169981,John Adefope,SR,Coke,48081,John,False,Adefope,REP,Republican,99,S,Texas,2026-03-04T06:17:19.946Z,661,0,0.0,0
58352,Ken Paxton,SR,Coleman,48083,Ken,False,Paxton,REP,Republican,99,S,Texas,2026-03-04T05:40:14.183Z,1605,48,47.9,768
367,John Cornyn,SR,Coleman,48083,John,True,Cornyn,REP,Republican,99,S,Texas,2026-03-04T05:40:14.183Z,1605,39,39.1,627
68242,Wesley Hunt,SR,Coleman,48083,Wesley,False,Hunt,REP,Republican,99,S,Texas,2026-03-04T05:40:14.183Z,1605,10,10.4,167
69840,Sara Canady,SR,Coleman,48083,Sara,False,Canady,REP,Republican,99,S,Texas,2026-03-04T05:40:14.183Z,1605,1,0.9,15
169980,Anna Bender,SR,Coleman,48083,Anna,False,Bender,REP,Republican,99,S,Texas,2026-03-04T05:40:14.183Z,1605,1,0.7,12
160846,Gulrez Khan,SR,Coleman,48083,Gulrez,False,Khan,REP,Republican,99,S,Texas,2026-03-04T05:40:14.183Z,1605,0,0.5,8
169981,John Adefope,SR,Coleman,48083,John,False,Adefope,REP,Republican,99,S,Texas,2026-03-04T05:40:14.183Z,1605,0,0.3,5
68154,Virgil Bierschwale,SR,Coleman,48083,Virgil,False,Bierschwale,REP,Republican,99,S,Texas,2026-03-04T05:40:14.183Z,1605,0,0.2,3
58352,Ken Paxton,SR,Collin,48085,Ken,False,Paxton,REP,Republican,99,S,Texas,2026-03-04T16:29:35.095Z,102289,41,41.0,41955
367,John Cornyn,SR,Collin,48085,John,True,Cornyn,REP,Republican,99,S,Texas,2026-03-04T16:29:35.095Z,102289,40,40.1,41031
68242,Wesley Hunt,SR,Collin,48085,Wesley,False,Hunt,REP,Republican,99,S,Texas,2026-03-04T16:29:35.095Z,102289,13,13.1,13396
160846,Gulrez Khan,SR,Collin,48085,Gulrez,False,Khan,REP,Republican,99,S,Texas,2026-03-04T16:29:35.095Z,102289,3,3.0,3054
69840,Sara Canady,SR,Collin,48085,Sara,False,Canady,REP,Republican,99,S,Texas,2026-03-04T16:29:35.095Z,102289,1,1.4,1430
169980,Anna Bender,SR,Collin,48085,Anna,False,Bender,REP,Republican,99,S,Texas,2026-03-04T16:29:35.095Z,102289,1,0.8,845
68154,Virgil Bierschwale,SR,Collin,48085,Virgil,False,Bierschwale,REP,Republican,99,S,Texas,2026-03-04T16:29:35.095Z,102289,0,0.3,324
169981,John Adefope,SR,Collin,48085,John,False,Adefope,REP,Republican,99,S,Texas,2026-03-04T16:29:35.095Z,102289,0,0.2,254
367,John Cornyn,SR,Collingsworth,48087,John,True,Cornyn,REP,Republican,99,S,Texas,2026-03-04T15:08:20.500Z,406,51,51.5,209
58352,Ken Paxton,SR,Collingsworth,48087,Ken,False,Paxton,REP,Republican,99,S,Texas,2026-03-04T15:08:20.500Z,406,36,36.5,148
68242,Wesley Hunt,SR,Collingsworth,48087,Wesley,False,Hunt,REP,Republican,99,S,Texas,2026-03-04T15:08:20.500Z,406,6,5.7,23
68154,Virgil Bierschwale,SR,Collingsworth,48087,Virgil,False,Bierschwale,REP,Republican,99,S,Texas,2026-03-04T15:08:20.500Z,406,4,4.2,17
169981,John Adefope,SR,Collingsworth,48087,John,False,Adefope,REP,Republican,99,S,Texas,2026-03-04T15:08:20.500Z,406,1,1.0,4
69840,Sara Canady,SR,Collingsworth,48087,Sara,False,Canady,REP,Republican,99,S,Texas,2026-03-04T15:08:20.500Z,406,1,0.7,3
169980,Anna Bender,SR,Collingsworth,48087,Anna,False,Bender,REP,Republican,99,S,Texas,2026-03-04T15:08:20.500Z,406,0,0.2,1
160846,Gulrez Khan,SR,Collingsworth,48087,Gulrez,False,Khan,REP,Republican,99,S,Texas,2026-03-04T15:08:20.500Z,406,0,0.2,1
58352,Ken Paxton,SR,Colorado,48089,Ken,False,Paxton,REP,Republican,99,S,Texas,2026-03-04T16:13:26.966Z,3184,51,50.9,1622
367,John Cornyn,SR,Colorado,48089,John,True,Cornyn,REP,Republican,99,S,Texas,2026-03-04T16:13:26.966Z,3184,34,34.1,1086
68242,Wesley Hunt,SR,Colorado,48089,Wesley,False,Hunt,REP,Republican,99,S,Texas,2026-03-04T16:13:26.966Z,3184,12,12.0,383
169980,Anna Bender,SR,Colorado,48089,Anna,False,Bender,REP,Republican,99,S,Texas,2026-03-04T16:13:26.966Z,3184,1,0.9,29
69840,Sara Canady,SR,Colorado,48089,Sara,False,Canady,REP,Republican,99,S,Texas,2026-03-04T16:13:26.966Z,3184,1,0.7,23
160846,Gulrez Khan,SR,Colorado,48089,Gulrez,False,Khan,REP,Republican,99,S,Texas,2026-03-04T16:13:26.966Z,3184,1,0.6,19
68154,Virgil Bierschwale,SR,Colorado,48089,Virgil,False,Bierschwale,REP,Republican,99,S,Texas,2026-03-04T16:13:26.966Z,3184,0,0.5,17
169981,John Adefope,SR,Colorado,48089,John,False,Adefope,REP,Republican,99,S,Texas,2026-03-04T16:13:26.966Z,3184,0,0.2,5
58352,Ken Paxton,SR,Comal,48091,Ken,False,Paxton,REP,Republican,95,S,Texas,2026-03-04T07:01:19.603Z,28969,43,43.2,12526
367,John Cornyn,SR,Comal,48091,John,True,Cornyn,REP,Republican,95,S,Texas,2026-03-04T07:01:19.603Z,28969,40,39.6,11483
68242,Wesley Hunt,SR,Comal,48091,Wesley,False,Hunt,REP,Republican,95,S,Texas,2026-03-04T07:01:19.603Z,28969,14,14.5,4200
169980,Anna Bender,SR,Comal,48091,Anna,False,Bender,REP,Republican,95,S,Texas,2026-03-04T07:01:19.603Z,28969,1,0.8,234
69840,Sara Canady,SR,Comal,48091,Sara,False,Canady,REP,Republican,95,S,Texas,2026-03-04T07:01:19.603Z,28969,1,0.7,206
160846,Gulrez Khan,SR,Comal,48091,Gulrez,False,Khan,REP,Republican,95,S,Texas,2026-03-04T07:01:19.603Z,28969,1,0.5,159
68154,Virgil Bierschwale,SR,Comal,48091,Virgil,False,Bierschwale,REP,Republican,95,S,Texas,2026-03-04T07:01:19.603Z,28969,0,0.4,106
169981,John Adefope,SR,Comal,48091,John,False,Adefope,REP,Republican,95,S,Texas,2026-03-04T07:01:19.603Z,28969,0,0.2,55
367,John Cornyn,SR,Comanche,48093,John,True,Cornyn,REP,Republican,98,S,Texas,2026-03-04T16:13:05.371Z,2456,42,41.8,1026
58352,Ken Paxton,SR,Comanche,48093,Ken,False,Paxton,REP,Republican,98,S,Texas,2026-03-04T16:13:05.371Z,2456,40,39.9,979
68242,Wesley Hunt,SR,Comanche,48093,Wesley,False,Hunt,REP,Republican,98,S,Texas,2026-03-04T16:13:05.371Z,2456,15,14.7,362
69840,Sara Canady,SR,Comanche,48093,Sara,False,Canady,REP,Republican,98,S,Texas,2026-03-04T16:13:05.371Z,2456,1,1.2,30
169980,Anna Bender,SR,Comanche,48093,Anna,False,Bender,REP,Republican,98,S,Texas,2026-03-04T16:13:05.371Z,2456,1,1.1,28
68154,Virgil Bierschwale,SR,Comanche,48093,Virgil,False,Bierschwale,REP,Republican,98,S,Texas,2026-03-04T16:13:05.371Z,2456,1,0.6,15
160846,Gulrez Khan,SR,Comanche,48093,Gulrez,False,Khan,REP,Republican,98,S,Texas,2026-03-04T16:13:05.371Z,2456,0,0.5,12
169981,John Adefope,SR,Comanche,48093,John,False,Adefope,REP,Republican,98,S,Texas,2026-03-04T16:13:05.371Z,2456,0,0.2,4
367,John Cornyn,SR,Concho,48095,John,True,Cornyn,REP,Republican,99,S,Texas,2026-03-04T09:23:41.085Z,632,47,46.8,296
58352,Ken Paxton,SR,Concho,48095,Ken,False,Paxton,REP,Republican,99,S,Texas,2026-03-04T09:23:41.085Z,632,41,40.5,256
68242,Wesley Hunt,SR,Concho,48095,Wesley,False,Hunt,REP,Republican,99,S,Texas,2026-03-04T09:23:41.085Z,632,6,6.5,41
69840,Sara Canady,SR,Concho,48095,Sara,False,Canady,REP,Republican,99,S,Texas,2026-03-04T09:23:41.085Z,632,3,3.0,19
68154,Virgil Bierschwale,SR,Concho,48095,Virgil,False,Bierschwale,REP,Republican,99,S,Texas,2026-03-04T09:23:41.085Z,632,2,1.7,11
169980,Anna Bender,SR,Concho,48095,Anna,False,Bender,REP,Republican,99,S,Texas,2026-03-04T09:23:41.085Z,632,1,0.8,5
160846,Gulrez Khan,SR,Concho,48095,Gulrez,False,Khan,REP,Republican,99,S,Texas,2026-03-04T09:23:41.085Z,632,0,0.5,3
169981,John Adefope,SR,Concho,48095,John,False,Adefope,REP,Republican,99,S,Texas,2026-03-04T09:23:41.085Z,632,0,0.2,1
367,John Cornyn,SR,Cooke,48097,John,True,Cornyn,REP,Republican,99,S,Texas,2026-03-04T04:14:56.400Z,6557,42,42.4,2783
58352,Ken Paxton,SR,Cooke,48097,Ken,False,Paxton,REP,Republican,99,S,Texas,2026-03-04T04:14:56.400Z,6557,41,40.7,2672
68242,Wesley Hunt,SR,Cooke,48097,Wesley,False,Hunt,REP,Republican,99,S,Texas,2026-03-04T04:14:56.400Z,6557,14,13.6,889
169980,Anna Bender,SR,Cooke,48097,Anna,False,Bender,REP,Republican,99,S,Texas,2026-03-04T04:14:56.400Z,6557,1,1.1,72
69840,Sara Canady,SR,Cooke,48097,Sara,False,Canady,REP,Republican,99,S,Texas,2026-03-04T04:14:56.400Z,6557,1,0.7,48
68154,Virgil Bierschwale,SR,Cooke,48097,Virgil,False,Bierschwale,REP,Republican,99,S,Texas,2026-03-04T04:14:56.400Z,6557,1,0.7,43
160846,Gulrez Khan,SR,Cooke,48097,Gulrez,False,Khan,REP,Republican,99,S,Texas,2026-03-04T04:14:56.400Z,6557,0,0.4,26
169981,John Adefope,SR,Cooke,48097,John,False,Adefope,REP,Republican,99,S,Texas,2026-03-04T04:14:56.400Z,6557,0,0.4,24
58352,Ken Paxton,SR,Coryell,48099,Ken,False,Paxton,REP,Republican,99,S,Texas,2026-03-04T16:26:53.693Z,6479,39,39.0,2530
367,John Cornyn,SR,Coryell,48099,John,True,Cornyn,REP,Republican,99,S,Texas,2026-03-04T16:26:53.693Z,6479,38,38.4,2488
68242,Wesley Hunt,SR,Coryell,48099,Wesley,False,Hunt,REP,Republican,99,S,Texas,2026-03-04T16:26:53.693Z,6479,17,16.9,1093
169980,Anna Bender,SR,Coryell,48099,Anna,False,Bender,REP,Republican,99,S,Texas,2026-03-04T16:26:53.693Z,6479,2,2.2,144
69840,Sara Canady,SR,Coryell,48099,Sara,False,Canady,REP,Republican,99,S,Texas,2026-03-04T16:26:53.693Z,6479,2,1.6,103
160846,Gulrez Khan,SR,Coryell,48099,Gulrez,False,Khan,REP,Republican,99,S,Texas,2026-03-04T16:26:53.693Z,6479,1,0.7,44
169981,John Adefope,SR,Coryell,48099,John,False,Adefope,REP,Republican,99,S,Texas,2026-03-04T16:26:53.693Z,6479,1,0.6,40
68154,Virgil Bierschwale,SR,Coryell,48099,Virgil,False,Bierschwale,REP,Republican,99,S,Texas,2026-03-04T16:26:53.693Z,6479,0,0.6,37
58352,Ken Paxton,SR,Cottle,48101,Ken,False,Paxton,REP,Republican,95,S,Texas,2026-03-04T06:16:14.340Z,354,43,43.5,154
367,John Cornyn,SR,Cottle,48101,John,True,Cornyn,REP,Republican,95,S,Texas,2026-03-04T06:16:14.340Z,354,40,40.1,142
68242,Wesley Hunt,SR,Cottle,48101,Wesley,False,Hunt,REP,Republican,95,S,Texas,2026-03-04T06:16:14.340Z,354,11,10.7,38
69840,Sara Canady,SR,Cottle,48101,Sara,False,Canady,REP,Republican,95,S,Texas,2026-03-04T06:16:14.340Z,354,2,2.2,8
169980,Anna Bender,SR,Cottle,48101,Anna,False,Bender,REP,Republican,95,S,Texas,2026-03-04T06:16:14.340Z,354,2,2.0,7
68154,Virgil Bierschwale,SR,Cottle,48101,Virgil,False,Bierschwale,REP,Republican,95,S,Texas,2026-03-04T06:16:14.340Z,354,1,0.6,2
160846,Gulrez Khan,SR,Cottle,48101,Gulrez,False,Khan,REP,Republican,95,S,Texas,2026-03-04T06:16:14.340Z,354,1,0.6,2
169981,John Adefope,SR,Cottle,48101,John,False,Adefope,REP,Republican,95,S,Texas,2026-03-04T06:16:14.340Z,354,0,0.3,1
367,John Cornyn,SR,Crane,48103,John,True,Cornyn,REP,Republican,99,S,Texas,2026-03-04T09:20:09.452Z,706,36,36.5,258
58352,Ken Paxton,SR,Crane,48103,Ken,False,Paxton,REP,Republican,99,S,Texas,2026-03-04T09:20:09.452Z,706,35,35.4,250
68242,Wesley Hunt,SR,Crane,48103,Wesley,False,Hunt,REP,Republican,99,S,Texas,2026-03-04T09:20:09.452Z,706,13,13.4,95
69840,Sara Canady,SR,Crane,48103,Sara,False,Canady,REP,Republican,99,S,Texas,2026-03-04T09:20:09.452Z,706,5,5.0,35
169980,Anna Bender,SR,Crane,48103,Anna,False,Bender,REP,Republican,99,S,Texas,2026-03-04T09:20:09.452Z,706,4,3.7,26
68154,Virgil Bierschwale,SR,Crane,48103,Virgil,False,Bierschwale,REP,Republican,99,S,Texas,2026-03-04T09:20:09.452Z,706,3,2.7,19
160846,Gulrez Khan,SR,Crane,48103,Gulrez,False,Khan,REP,Republican,99,S,Texas,2026-03-04T09:20:09.452Z,706,2,1.7,12
169981,John Adefope,SR,Crane,48103,John,False,Adefope,REP,Republican,99,S,Texas,2026-03-04T09:20:09.452Z,706,2,1.6,11
58352,Ken Paxton,SR,Crockett,48105,Ken,False,Paxton,REP,Republican,96,S,Texas,2026-03-04T05:47:18.890Z,408,46,45.8,187
367,John Cornyn,SR,Crockett,48105,John,True,Cornyn,REP,Republican,96,S,Texas,2026-03-04T05:47:18.890Z,408,37,37.3,152
68242,Wesley Hunt,SR,Crockett,48105,Wesley,False,Hunt,REP,Republican,96,S,Texas,2026-03-04T05:47:18.890Z,408,11,11.0,45
69840,Sara Canady,SR,Crockett,48105,Sara,False,Canady,REP,Republican,96,S,Texas,2026-03-04T05:47:18.890Z,408,2,2.2,9
169980,Anna Bender,SR,Crockett,48105,Anna,False,Bender,REP,Republican,96,S,Texas,2026-03-04T05:47:18.890Z,408,1,1.5,6
160846,Gulrez Khan,SR,Crockett,48105,Gulrez,False,Khan,REP,Republican,96,S,Texas,2026-03-04T05:47:18.890Z,408,1,1.0,4
68154,Virgil Bierschwale,SR,Crockett,48105,Virgil,False,Bierschwale,REP,Republican,96,S,Texas,2026-03-04T05:47:18.890Z,408,1,0.7,3
169981,John Adefope,SR,Crockett,48105,John,False,Adefope,REP,Republican,96,S,Texas,2026-03-04T05:47:18.890Z,408,0,0.5,2
367,John Cornyn,SR,Crosby,48107,John,True,Cornyn,REP,Republican,98,S,Texas,2026-03-04T07:48:27.224Z,610,48,48.0,293
58352,Ken Paxton,SR,Crosby,48107,Ken,False,Paxton,REP,Republican,98,S,Texas,2026-03-04T07:48:27.224Z,610,37,37.2,227
68242,Wesley Hunt,SR,Crosby,48107,Wesley,False,Hunt,REP,Republican,98,S,Texas,2026-03-04T07:48:27.224Z,610,10,9.7,59
169980,Anna Bender,SR,Crosby,48107,Anna,False,Bender,REP,Republican,98,S,Texas,2026-03-04T07:48:27.224Z,610,2,2.5,15
160846,Gulrez Khan,SR,Crosby,48107,Gulrez,False,Khan,REP,Republican,98,S,Texas,2026-03-04T07:48:27.224Z,610,1,1.0,6
69840,Sara Canady,SR,Crosby,48107,Sara,False,Canady,REP,Republican,98,S,Texas,2026-03-04T07:48:27.224Z,610,1,0.8,5
68154,Virgil Bierschwale,SR,Crosby,48107,Virgil,False,Bierschwale,REP,Republican,98,S,Texas,2026-03-04T07:48:27.224Z,610,1,0.6,4
169981,John Adefope,SR,Crosby,48107,John,False,Adefope,REP,Republican,98,S,Texas,2026-03-04T07:48:27.224Z,610,0,0.2,1
58352,Ken Paxton,SR,Culberson,48109,Ken,False,Paxton,REP,Republican,94,S,Texas,2026-03-04T16:45:54.241Z,83,57,56.6,47
367,John Cornyn,SR,Culberson,48109,John,True,Cornyn,REP,Republican,94,S,Texas,2026-03-04T16:45:54.241Z,83,29,28.9,24
68242,Wesley Hunt,SR,Culberson,48109,Wesley,False,Hunt,REP,Republican,94,S,Texas,2026-03-04T16:45:54.241Z,83,8,8.4,7
169980,Anna Bender,SR,Culberson,48109,Anna,False,Bender,REP,Republican,94,S,Texas,2026-03-04T16:45:54.241Z,83,4,3.6,3
69840,Sara Canady,SR,Culberson,48109,Sara,False,Canady,REP,Republican,94,S,Texas,2026-03-04T16:45:54.241Z,83,2,2.4,2
169981,John Adefope,SR,Culberson,48109,John,False,Adefope,REP,Republican,94,S,Texas,2026-03-04T16:45:54.241Z,83,0,0.0,0
68154,Virgil Bierschwale,SR,Culberson,48109,Virgil,False,Bierschwale,REP,Republican,94,S,Texas,2026-03-04T16:45:54.241Z,83,0,0.0,0
160846,Gulrez Khan,SR,Culberson,48109,Gulrez,False,Khan,REP,Republican,94,S,Texas,2026-03-04T16:45:54.241Z,83,0,0.0,0
367,John Cornyn,SR,Dallam,48111,John,True,Cornyn,REP,Republican,99,S,Texas,2026-03-04T06:29:55.410Z,451,45,45.0,203
58352,Ken Paxton,SR,Dallam,48111,Ken,False,Paxton,REP,Republican,99,S,Texas,2026-03-04T06:29:55.410Z,451,36,36.4,164
68242,Wesley Hunt,SR,Dallam,48111,Wesley,False,Hunt,REP,Republican,99,S,Texas,2026-03-04T06:29:55.410Z,451,16,16.0,72
69840,Sara Canady,SR,Dallam,48111,Sara,False,Canady,REP,Republican,99,S,Texas,2026-03-04T06:29:55.410Z,451,1,1.1,5
169980,Anna Bender,SR,Dallam,48111,Anna,False,Bender,REP,Republican,99,S,Texas,2026-03-04T06:29:55.410Z,451,1,0.9,4
160846,Gulrez Khan,SR,Dallam,48111,Gulrez,False,Khan,REP,Republican,99,S,Texas,2026-03-04T06:29:55.410Z,451,0,0.4,2
169981,John Adefope,SR,Dallam,48111,John,False,Adefope,REP,Republican,99,S,Texas,2026-03-04T06:29:55.410Z,451,0,0.2,1
68154,Virgil Bierschwale,SR,Dallam,48111,Virgil,False,Bierschwale,REP,Republican,99,S,Texas,2026-03-04T06:29:55.410Z,451,0,0.0,0
367,John Cornyn,SR,Dallas,48113,John,True,Cornyn,REP,Republican,99,S,Texas,2026-03-04T16:30:44.846Z,102269,50,50.5,51622
58352,Ken Paxton,SR,Dallas,48113,Ken,False,Paxton,REP,Republican,99,S,Texas,2026-03-04T16:30:44.846Z,102269,33,32.5,33268
68242,Wesley Hunt,SR,Dallas,48113,Wesley,False,Hunt,REP,Republican,99,S,Texas,2026-03-04T16:30:44.846Z,102269,13,13.3,13580
169980,Anna Bender,SR,Dallas,48113,Anna,False,Bender,REP,Republican,99,S,Texas,2026-03-04T16:30:44.846Z,102269,1,1.0,1026
69840,Sara Canady,SR,Dallas,48113,Sara,False,Canady,REP,Republican,99,S,Texas,2026-03-04T16:30:44.846Z,102269,1,0.9,981
169981,John Adefope,SR,Dallas,48113,John,False,Adefope,REP,Republican,99,S,Texas,2026-03-04T16:30:44.846Z,102269,1,0.9,911
160846,Gulrez Khan,SR,Dallas,48113,Gulrez,False,Khan,REP,Republican,99,S,Texas,2026-03-04T16:30:44.846Z,102269,1,0.6,604
68154,Virgil Bierschwale,SR,Dallas,48113,Virgil,False,Bierschwale,REP,Republican,99,S,Texas,2026-03-04T16:30:44.846Z,102269,0,0.3,277
58352,Ken Paxton,SR,Dawson,48115,Ken,False,Paxton,REP,Republican,99,S,Texas,2026-03-04T05:41:05.439Z,958,44,44.5,426
367,John Cornyn,SR,Dawson,48115,John,True,Cornyn,REP,Republican,99,S,Texas,2026-03-04T05:41:05.439Z,958,43,42.7,409
68242,Wesley Hunt,SR,Dawson,48115,Wesley,False,Hunt,REP,Republican,99,S,Texas,2026-03-04T05:41:05.439Z,958,9,8.7,83
69840,Sara Canady,SR,Dawson,48115,Sara,False,Canady,REP,Republican,99,S,Texas,2026-03-04T05:41:05.439Z,958,2,2.3,22
169981,John Adefope,SR,Dawson,48115,John,False,Adefope,REP,Republican,99,S,Texas,2026-03-04T05:41:05.439Z,958,1,0.9,9
169980,Anna Bender,SR,Dawson,48115,Anna,False,Bender,REP,Republican,99,S,Texas,2026-03-04T05:41:05.439Z,958,0,0.4,4
160846,Gulrez Khan,SR,Dawson,48115,Gulrez,False,Khan,REP,Republican,99,S,Texas,2026-03-04T05:41:05.439Z,958,0,0.3,3
68154,Virgil Bierschwale,SR,Dawson,48115,Virgil,False,Bierschwale,REP,Republican,99,S,Texas,2026-03-04T05:41:05.439Z,958,0,0.2,2
58352,Ken Paxton,SR,De Witt,48123,Ken,False,Paxton,REP,Republican,99,S,Texas,2026-03-04T08:14:27.939Z,2392,45,44.8,1072
367,John Cornyn,SR,De Witt,48123,John,True,Cornyn,REP,Republican,99,S,Texas,2026-03-04T08:14:27.939Z,2392,43,42.6,1019
68242,Wesley Hunt,SR,De Witt,48123,Wesley,False,Hunt,REP,Republican,99,S,Texas,2026-03-04T08:14:27.939Z,2392,8,8.2,196
169980,Anna Bender,SR,De Witt,48123,Anna,False,Bender,REP,Republican,99,S,Texas,2026-03-04T08:14:27.939Z,2392,2,1.5,37
160846,Gulrez Khan,SR,De Witt,48123,Gulrez,False,Khan,REP,Republican,99,S,Texas,2026-03-04T08:14:27.939Z,2392,1,1.4,33
69840,Sara Canady,SR,De Witt,48123,Sara,False,Canady,REP,Republican,99,S,Texas,2026-03-04T08:14:27.939Z,2392,1,0.8,19
68154,Virgil Bierschwale,SR,De Witt,48123,Virgil,False,Bierschwale,REP,Republican,99,S,Texas,2026-03-04T08:14:27.939Z,2392,0,0.5,11
169981,John Adefope,SR,De Witt,48123,John,False,Adefope,REP,Republican,99,S,Texas,2026-03-04T08:14:27.939Z,2392,0,0.2,5
367,John Cornyn,SR,Deaf Smith,48117,John,True,Cornyn,REP,Republican,97,S,Texas,2026-03-04T06:25:31.168Z,1709,39,39.1,669
58352,Ken Paxton,SR,Deaf Smith,48117,Ken,False,Paxton,REP,Republican,97,S,Texas,2026-03-04T06:25:31.168Z,1709,37,37.2,636
68242,Wesley Hunt,SR,Deaf Smith,48117,Wesley,False,Hunt,REP,Republican,97,S,Texas,2026-03-04T06:25:31.168Z,1709,11,10.8,184
169980,Anna Bender,SR,Deaf Smith,48117,Anna,False,Bender,REP,Republican,97,S,Texas,2026-03-04T06:25:31.168Z,1709,6,6.1,105
69840,Sara Canady,SR,Deaf Smith,48117,Sara,False,Canady,REP,Republican,97,S,Texas,2026-03-04T06:25:31.168Z,1709,3,2.8,48
160846,Gulrez Khan,SR,Deaf Smith,48117,Gulrez,False,Khan,REP,Republican,97,S,Texas,2026-03-04T06:25:31.168Z,1709,2,1.9,33
169981,John Adefope,SR,Deaf Smith,48117,John,False,Adefope,REP,Republican,97,S,Texas,2026-03-04T06:25:31.168Z,1709,1,1.3,22
68154,Virgil Bierschwale,SR,Deaf Smith,48117,Virgil,False,Bierschwale,REP,Republican,97,S,Texas,2026-03-04T06:25:31.168Z,1709,1,0.7,12
367,John Cornyn,SR,Delta,48119,John,True,Cornyn,REP,Republican,99,S,Texas,2026-03-04T15:37:17.569Z,795,41,41.1,327
58352,Ken Paxton,SR,Delta,48119,Ken,False,Paxton,REP,Republican,99,S,Texas,2026-03-04T15:37:17.569Z,795,39,38.9,309
68242,Wesley Hunt,SR,Delta,48119,Wesley,False,Hunt,REP,Republican,99,S,Texas,2026-03-04T15:37:17.569Z,795,16,16.2,129
169980,Anna Bender,SR,Delta,48119,Anna,False,Bender,REP,Republican,99,S,Texas,2026-03-04T15:37:17.569Z,795,1,1.4,11
69840,Sara Canady,SR,Delta,48119,Sara,False,Canady,REP,Republican,99,S,Texas,2026-03-04T15:37:17.569Z,795,1,1.4,11
68154,Virgil Bierschwale,SR,Delta,48119,Virgil,False,Bierschwale,REP,Republican,99,S,Texas,2026-03-04T15:37:17.569Z,795,1,0.6,5
169981,John Adefope,SR,Delta,48119,John,False,Adefope,REP,Republican,99,S,Texas,2026-03-04T15:37:17.569Z,795,0,0.3,2
160846,Gulrez Khan,SR,Delta,48119,Gulrez,False,Khan,REP,Republican,99,S,Texas,2026-03-04T15:37:17.569Z,795,0,0.1,1
367,John Cornyn,SR,Denton,48121,John,True,Cornyn,REP,Republican,99,S,Texas,2026-03-04T17:06:25.175Z,87005,42,42.2,36682
58352,Ken Paxton,SR,Denton,48121,Ken,False,Paxton,REP,Republican,99,S,Texas,2026-03-04T17:06:25.175Z,87005,40,40.4,35178
68242,Wesley Hunt,SR,Denton,48121,Wesley,False,Hunt,REP,Republican,99,S,Texas,2026-03-04T17:06:25.175Z,87005,14,14.0,12192
69840,Sara Canady,SR,Denton,48121,Sara,False,Canady,REP,Republican,99,S,Texas,2026-03-04T17:06:25.175Z,87005,1,1.0,889
169980,Anna Bender,SR,Denton,48121,Anna,False,Bender,REP,Republican,99,S,Texas,2026-03-04T17:06:25.175Z,87005,1,1.0,827
160846,Gulrez Khan,SR,Denton,48121,Gulrez,False,Khan,REP,Republican,99,S,Texas,2026-03-04T17:06:25.175Z,87005,1,0.8,719
68154,Virgil Bierschwale,SR,Denton,48121,Virgil,False,Bierschwale,REP,Republican,99,S,Texas,2026-03-04T17:06:25.175Z,87005,0,0.4,346
169981,John Adefope,SR,Denton,48121,John,False,Adefope,REP,Republican,99,S,Texas,2026-03-04T17:06:25.175Z,87005,0,0.2,172
58352,Ken Paxton,SR,Dickens,48125,Ken,False,Paxton,REP,Republican,99,S,Texas,2026-03-04T17:04:46.819Z,390,44,44.1,172
367,John Cornyn,SR,Dickens,48125,John,True,Cornyn,REP,Republican,99,S,Texas,2026-03-04T17:04:46.819Z,390,41,41.3,161
68242,Wesley Hunt,SR,Dickens,48125,Wesley,False,Hunt,REP,Republican,99,S,Texas,2026-03-04T17:04:46.819Z,390,10,10.3,40
69840,Sara Canady,SR,Dickens,48125,Sara,False,Canady,REP,Republican,99,S,Texas,2026-03-04T17:04:46.819Z,390,2,2.3,9
169980,Anna Bender,SR,Dickens,48125,Anna,False,Bender,REP,Republican,99,S,Texas,2026-03-04T17:04:46.819Z,390,1,0.8,3
160846,Gulrez Khan,SR,Dickens,48125,Gulrez,False,Khan,REP,Republican,99,S,Texas,2026-03-04T17:04:46.819Z,390,1,0.8,3
169981,John Adefope,SR,Dickens,48125,John,False,Adefope,REP,Republican,99,S,Texas,2026-03-04T17:04:46.819Z,390,0,0.2,1
68154,Virgil Bierschwale,SR,Dickens,48125,Virgil,False,Bierschwale,REP,Republican,99,S,Texas,2026-03-04T17:04:46.819Z,390,0,0.2,1
58352,Ken Paxton,SR,Dimmit,48127,Ken,False,Paxton,REP,Republican,99,S,Texas,2026-03-04T09:13:50.004Z,251,50,50.2,126
367,John Cornyn,SR,Dimmit,48127,John,True,Cornyn,REP,Republican,99,S,Texas,2026-03-04T09:13:50.004Z,251,27,27.5,69
68242,Wesley Hunt,SR,Dimmit,48127,Wesley,False,Hunt,REP,Republican,99,S,Texas,2026-03-04T09:13:50.004Z,251,11,10.7,27
69840,Sara Canady,SR,Dimmit,48127,Sara,False,Canady,REP,Republican,99,S,Texas,2026-03-04T09:13:50.004Z,251,5,5.2,13
169980,Anna Bender,SR,Dimmit,48127,Anna,False,Bender,REP,Republican,99,S,Texas,2026-03-04T09:13:50.004Z,251,5,4.8,12
169981,John Adefope,SR,Dimmit,48127,John,False,Adefope,REP,Republican,99,S,Texas,2026-03-04T09:13:50.004Z,251,1,1.2,3
160846,Gulrez Khan,SR,Dimmit,48127,Gulrez,False,Khan,REP,Republican,99,S,Texas,2026-03-04T09:13:50.004Z,251,0,0.4,1
68154,Virgil Bierschwale,SR,Dimmit,48127,Virgil,False,Bierschwale,REP,Republican,99,S,Texas,2026-03-04T09:13:50.004Z,251,0,0.0,0
58352,Ken Paxton,SR,Donley,48129,Ken,False,Paxton,REP,Republican,99,S,Texas,2026-03-04T17:14:36.596Z,663,47,47.4,314
367,John Cornyn,SR,Donley,48129,John,True,Cornyn,REP,Republican,99,S,Texas,2026-03-04T17:14:36.596Z,663,43,42.7,283
68242,Wesley Hunt,SR,Donley,48129,Wesley,False,Hunt,REP,Republican,99,S,Texas,2026-03-04T17:14:36.596Z,663,7,6.6,44
169980,Anna Bender,SR,Donley,48129,Anna,False,Bender,REP,Republican,99,S,Texas,2026-03-04T17:14:36.596Z,663,1,1.2,8
69840,Sara Canady,SR,Donley,48129,Sara,False,Canady,REP,Republican,99,S,Texas,2026-03-04T17:14:36.596Z,663,1,1.2,8
160846,Gulrez Khan,SR,Donley,48129,Gulrez,False,Khan,REP,Republican,99,S,Texas,2026-03-04T17:14:36.596Z,663,1,0.6,4
169981,John Adefope,SR,Donley,48129,John,False,Adefope,REP,Republican,99,S,Texas,2026-03-04T17:14:36.596Z,663,0,0.3,2
68154,Virgil Bierschwale,SR,Donley,48129,Virgil,False,Bierschwale,REP,Republican,99,S,Texas,2026-03-04T17:14:36.596Z,663,0,0.0,0
58352,Ken Paxton,SR,Duval,48131,Ken,False,Paxton,REP,Republican,99,S,Texas,2026-03-04T08:01:39.681Z,216,39,39.4,85
367,John Cornyn,SR,Duval,48131,John,True,Cornyn,REP,Republican,99,S,Texas,2026-03-04T08:01:39.681Z,216,37,37.5,81
68242,Wesley Hunt,SR,Duval,48131,Wesley,False,Hunt,REP,Republican,99,S,Texas,2026-03-04T08:01:39.681Z,216,12,11.6,25
69840,Sara Canady,SR,Duval,48131,Sara,False,Canady,REP,Republican,99,S,Texas,2026-03-04T08:01:39.681Z,216,4,3.7,8
68154,Virgil Bierschwale,SR,Duval,48131,Virgil,False,Bierschwale,REP,Republican,99,S,Texas,2026-03-04T08:01:39.681Z,216,3,3.2,7
169980,Anna Bender,SR,Duval,48131,Anna,False,Bender,REP,Republican,99,S,Texas,2026-03-04T08:01:39.681Z,216,2,2.3,5
160846,Gulrez Khan,SR,Duval,48131,Gulrez,False,Khan,REP,Republican,99,S,Texas,2026-03-04T08:01:39.681Z,216,2,1.8,4
169981,John Adefope,SR,Duval,48131,John,False,Adefope,REP,Republican,99,S,Texas,2026-03-04T08:01:39.681Z,216,0,0.5,1
367,John Cornyn,SR,Eastland,48133,John,True,Cornyn,REP,Republican,4,S,Texas,2026-03-04T13:09:24.987Z,152,56,56.6,86
58352,Ken Paxton,SR,Eastland,48133,Ken,False,Paxton,REP,Republican,4,S,Texas,2026-03-04T13:09:24.987Z,152,35,34.9,53
68242,Wesley Hunt,SR,Eastland,48133,Wesley,False,Hunt,REP,Republican,4,S,Texas,2026-03-04T13:09:24.987Z,152,8,7.9,12
68154,Virgil Bierschwale,SR,Eastland,48133,Virgil,False,Bierschwale,REP,Republican,4,S,Texas,2026-03-04T13:09:24.987Z,152,1,0.6,1
169981,John Adefope,SR,Eastland,48133,John,False,Adefope,REP,Republican,4,S,Texas,2026-03-04T13:09:24.987Z,152,0,0.0,0
169980,Anna Bender,SR,Eastland,48133,Anna,False,Bender,REP,Republican,4,S,Texas,2026-03-04T13:09:24.987Z,152,0,0.0,0
69840,Sara Canady,SR,Eastland,48133,Sara,False,Canady,REP,Republican,4,S,Texas,2026-03-04T13:09:24.987Z,152,0,0.0,0
160846,Gulrez Khan,SR,Eastland,48133,Gulrez,False,Khan,REP,Republican,4,S,Texas,2026-03-04T13:09:24.987Z,152,0,0.0,0
58352,Ken Paxton,SR,Ector,48135,Ken,False,Paxton,REP,Republican,99,S,Texas,2026-03-04T05:37:19.425Z,8254,45,45.0,3716
367,John Cornyn,SR,Ector,48135,John,True,Cornyn,REP,Republican,99,S,Texas,2026-03-04T05:37:19.425Z,8254,38,38.0,3140
68242,Wesley Hunt,SR,Ector,48135,Wesley,False,Hunt,REP,Republican,99,S,Texas,2026-03-04T05:37:19.425Z,8254,13,13.4,1106
169980,Anna Bender,SR,Ector,48135,Anna,False,Bender,REP,Republican,99,S,Texas,2026-03-04T05:37:19.425Z,8254,1,1.3,107
69840,Sara Canady,SR,Ector,48135,Sara,False,Canady,REP,Republican,99,S,Texas,2026-03-04T05:37:19.425Z,8254,1,1.3,106
68154,Virgil Bierschwale,SR,Ector,48135,Virgil,False,Bierschwale,REP,Republican,99,S,Texas,2026-03-04T05:37:19.425Z,8254,0,0.4,31
160846,Gulrez Khan,SR,Ector,48135,Gulrez,False,Khan,REP,Republican,99,S,Texas,2026-03-04T05:37:19.425Z,8254,0,0.4,30
169981,John Adefope,SR,Ector,48135,John,False,Adefope,REP,Republican,99,S,Texas,2026-03-04T05:37:19.425Z,8254,0,0.2,18
58352,Ken Paxton,SR,Edwards,48137,Ken,False,Paxton,REP,Republican,99,S,Texas,2026-03-04T07:34:27.011Z,402,44,43.8,176
367,John Cornyn,SR,Edwards,48137,John,True,Cornyn,REP,Republican,99,S,Texas,2026-03-04T07:34:27.011Z,402,40,40.0,161
68242,Wesley Hunt,SR,Edwards,48137,Wesley,False,Hunt,REP,Republican,99,S,Texas,2026-03-04T07:34:27.011Z,402,12,12.4,50
68154,Virgil Bierschwale,SR,Edwards,48137,Virgil,False,Bierschwale,REP,Republican,99,S,Texas,2026-03-04T07:34:27.011Z,402,2,1.7,7
69840,Sara Canady,SR,Edwards,48137,Sara,False,Canady,REP,Republican,99,S,Texas,2026-03-04T07:34:27.011Z,402,1,1.2,5
169980,Anna Bender,SR,Edwards,48137,Anna,False,Bender,REP,Republican,99,S,Texas,2026-03-04T07:34:27.011Z,402,1,0.7,3
169981,John Adefope,SR,Edwards,48137,John,False,Adefope,REP,Republican,99,S,Texas,2026-03-04T07:34:27.011Z,402,0,0.0,0
160846,Gulrez Khan,SR,Edwards,48137,Gulrez,False,Khan,REP,Republican,99,S,Texas,2026-03-04T07:34:27.011Z,402,0,0.0,0
367,John Cornyn,SR,El Paso,48141,John,True,Cornyn,REP,Republican,99,S,Texas,2026-03-04T16:49:53.578Z,24050,45,44.8,10778
58352,Ken Paxton,SR,El Paso,48141,Ken,False,Paxton,REP,Republican,99,S,Texas,2026-03-04T16:49:53.578Z,24050,36,35.8,8614
68242,Wesley Hunt,SR,El Paso,48141,Wesley,False,Hunt,REP,Republican,99,S,Texas,2026-03-04T16:49:53.578Z,24050,11,11.1,2681
160846,Gulrez Khan,SR,El Paso,48141,Gulrez,False,Khan,REP,Republican,99,S,Texas,2026-03-04T16:49:53.578Z,24050,3,2.8,680
69840,Sara Canady,SR,El Paso,48141,Sara,False,Canady,REP,Republican,99,S,Texas,2026-03-04T16:49:53.578Z,24050,2,2.1,504
169980,Anna Bender,SR,El Paso,48141,Anna,False,Bender,REP,Republican,99,S,Texas,2026-03-04T16:49:53.578Z,24050,2,1.9,452
68154,Virgil Bierschwale,SR,El Paso,48141,Virgil,False,Bierschwale,REP,Republican,99,S,Texas,2026-03-04T16:49:53.578Z,24050,1,0.8,185
169981,John Adefope,SR,El Paso,48141,John,False,Adefope,REP,Republican,99,S,Texas,2026-03-04T16:49:53.578Z,24050,0,0.6,156
58352,Ken Paxton,SR,Ellis,48139,Ken,False,Paxton,REP,Republican,99,S,Texas,2026-03-04T17:14:25.700Z,24735,41,41.1,10174
367,John Cornyn,SR,Ellis,48139,John,True,Cornyn,REP,Republican,99,S,Texas,2026-03-04T17:14:25.700Z,24735,39,39.0,9643
68242,Wesley Hunt,SR,Ellis,48139,Wesley,False,Hunt,REP,Republican,99,S,Texas,2026-03-04T17:14:25.700Z,24735,16,16.1,3975
69840,Sara Canady,SR,Ellis,48139,Sara,False,Canady,REP,Republican,99,S,Texas,2026-03-04T17:14:25.700Z,24735,1,1.4,344
169980,Anna Bender,SR,Ellis,48139,Anna,False,Bender,REP,Republican,99,S,Texas,2026-03-04T17:14:25.700Z,24735,1,1.1,277
68154,Virgil Bierschwale,SR,Ellis,48139,Virgil,False,Bierschwale,REP,Republican,99,S,Texas,2026-03-04T17:14:25.700Z,24735,1,0.6,144
160846,Gulrez Khan,SR,Ellis,48139,Gulrez,False,Khan,REP,Republican,99,S,Texas,2026-03-04T17:14:25.700Z,24735,0,0.5,118
169981,John Adefope,SR,Ellis,48139,John,False,Adefope,REP,Republican,99,S,Texas,2026-03-04T17:14:25.700Z,24735,0,0.2,60
367,John Cornyn,SR,Erath,48143,John,True,Cornyn,REP,Republican,99,S,Texas,2026-03-04T07:03:21.370Z,5514,39,39.1,2158
58352,Ken Paxton,SR,Erath,48143,Ken,False,Paxton,REP,Republican,99,S,Texas,2026-03-04T07:03:21.370Z,5514,39,38.5,2124
68242,Wesley Hunt,SR,Erath,48143,Wesley,False,Hunt,REP,Republican,99,S,Texas,2026-03-04T07:03:21.370Z,5514,19,19.0,1049
69840,Sara Canady,SR,Erath,48143,Sara,False,Canady,REP,Republican,99,S,Texas,2026-03-04T07:03:21.370Z,5514,1,1.4,77
169980,Anna Bender,SR,Erath,48143,Anna,False,Bender,REP,Republican,99,S,Texas,2026-03-04T07:03:21.370Z,5514,1,0.9,47
160846,Gulrez Khan,SR,Erath,48143,Gulrez,False,Khan,REP,Republican,99,S,Texas,2026-03-04T07:03:21.370Z,5514,0,0.4,23
68154,Virgil Bierschwale,SR,Erath,48143,Virgil,False,Bierschwale,REP,Republican,99,S,Texas,2026-03-04T07:03:21.370Z,5514,0,0.4,21
169981,John Adefope,SR,Erath,48143,John,False,Adefope,REP,Republican,99,S,Texas,2026-03-04T07:03:21.370Z,5514,0,0.3,15
58352,Ken Paxton,SR,Falls,48145,Ken,False,Paxton,REP,Republican,99,S,Texas,2026-03-04T09:11:24.051Z,1847,42,42.3,781
367,John Cornyn,SR,Falls,48145,John,True,Cornyn,REP,Republican,99,S,Texas,2026-03-04T09:11:24.051Z,1847,41,41.4,765
68242,Wesley Hunt,SR,Falls,48145,Wesley,False,Hunt,REP,Republican,99,S,Texas,2026-03-04T09:11:24.051Z,1847,13,13.3,245
69840,Sara Canady,SR,Falls,48145,Sara,False,Canady,REP,Republican,99,S,Texas,2026-03-04T09:11:24.051Z,1847,1,1.1,20
169980,Anna Bender,SR,Falls,48145,Anna,False,Bender,REP,Republican,99,S,Texas,2026-03-04T09:11:24.051Z,1847,1,0.9,16
169981,John Adefope,SR,Falls,48145,John,False,Adefope,REP,Republican,99,S,Texas,2026-03-04T09:11:24.051Z,1847,1,0.6,11
68154,Virgil Bierschwale,SR,Falls,48145,Virgil,False,Bierschwale,REP,Republican,99,S,Texas,2026-03-04T09:11:24.051Z,1847,0,0.4,8
160846,Gulrez Khan,SR,Falls,48145,Gulrez,False,Khan,REP,Republican,99,S,Texas,2026-03-04T09:11:24.051Z,1847,0,0.0,1
58352,Ken Paxton,SR,Fannin,48147,Ken,False,Paxton,REP,Republican,99,S,Texas,2026-03-04T08:04:17.674Z,4960,42,42.5,2107
367,John Cornyn,SR,Fannin,48147,John,True,Cornyn,REP,Republican,99,S,Texas,2026-03-04T08:04:17.674Z,4960,39,38.9,1930
68242,Wesley Hunt,SR,Fannin,48147,Wesley,False,Hunt,REP,Republican,99,S,Texas,2026-03-04T08:04:17.674Z,4960,15,15.0,744
69840,Sara Canady,SR,Fannin,48147,Sara,False,Canady,REP,Republican,99,S,Texas,2026-03-04T08:04:17.674Z,4960,1,1.3,66
169980,Anna Bender,SR,Fannin,48147,Anna,False,Bender,REP,Republican,99,S,Texas,2026-03-04T08:04:17.674Z,4960,1,1.1,57
68154,Virgil Bierschwale,SR,Fannin,48147,Virgil,False,Bierschwale,REP,Republican,99,S,Texas,2026-03-04T08:04:17.674Z,4960,1,0.7,34
160846,Gulrez Khan,SR,Fannin,48147,Gulrez,False,Khan,REP,Republican,99,S,Texas,2026-03-04T08:04:17.674Z,4960,0,0.4,19
169981,John Adefope,SR,Fannin,48147,John,False,Adefope,REP,Republican,99,S,Texas,2026-03-04T08:04:17.674Z,4960,0,0.1,3
367,John Cornyn,SR,Fayette,48149,John,True,Cornyn,REP,Republican,51,S,Texas,2026-03-04T07:46:06.329Z,3628,50,50.2,1823
58352,Ken Paxton,SR,Fayette,48149,Ken,False,Paxton,REP,Republican,51,S,Texas,2026-03-04T07:46:06.329Z,3628,37,37.2,1349
68242,Wesley Hunt,SR,Fayette,48149,Wesley,False,Hunt,REP,Republican,51,S,Texas,2026-03-04T07:46:06.329Z,3628,9,8.8,318
169980,Anna Bender,SR,Fayette,48149,Anna,False,Bender,REP,Republican,51,S,Texas,2026-03-04T07:46:06.329Z,3628,1,1.1,42
69840,Sara Canady,SR,Fayette,48149,Sara,False,Canady,REP,Republican,51,S,Texas,2026-03-04T07:46:06.329Z,3628,1,1.1,42
160846,Gulrez Khan,SR,Fayette,48149,Gulrez,False,Khan,REP,Republican,51,S,Texas,2026-03-04T07:46:06.329Z,3628,1,1.0,37
68154,Virgil Bierschwale,SR,Fayette,48149,Virgil,False,Bierschwale,REP,Republican,51,S,Texas,2026-03-04T07:46:06.329Z,3628,0,0.3,10
169981,John Adefope,SR,Fayette,48149,John,False,Adefope,REP,Republican,51,S,Texas,2026-03-04T07:46:06.329Z,3628,0,0.2,7
58352,Ken Paxton,SR,Fisher,48151,Ken,False,Paxton,REP,Republican,99,S,Texas,2026-03-04T07:42:15.989Z,850,54,54.1,460
367,John Cornyn,SR,Fisher,48151,John,True,Cornyn,REP,Republican,99,S,Texas,2026-03-04T07:42:15.989Z,850,34,34.1,290
68242,Wesley Hunt,SR,Fisher,48151,Wesley,False,Hunt,REP,Republican,99,S,Texas,2026-03-04T07:42:15.989Z,850,8,8.0,68
69840,Sara Canady,SR,Fisher,48151,Sara,False,Canady,REP,Republican,99,S,Texas,2026-03-04T07:42:15.989Z,850,1,1.3,11
169980,Anna Bender,SR,Fisher,48151,Anna,False,Bender,REP,Republican,99,S,Texas,2026-03-04T07:42:15.989Z,850,1,1.2,10
169981,John Adefope,SR,Fisher,48151,John,False,Adefope,REP,Republican,99,S,Texas,2026-03-04T07:42:15.989Z,850,1,0.6,5
160846,Gulrez Khan,SR,Fisher,48151,Gulrez,False,Khan,REP,Republican,99,S,Texas,2026-03-04T07:42:15.989Z,850,0,0.5,4
68154,Virgil Bierschwale,SR,Fisher,48151,Virgil,False,Bierschwale,REP,Republican,99,S,Texas,2026-03-04T07:42:15.989Z,850,0,0.2,2
367,John Cornyn,SR,Floyd,48153,John,True,Cornyn,REP,Republican,99,S,Texas,2026-03-04T04:14:56.400Z,741,53,52.8,391
58352,Ken Paxton,SR,Floyd,48153,Ken,False,Paxton,REP,Republican,99,S,Texas,2026-03-04T04:14:56.400Z,741,36,35.6,264
68242,Wesley Hunt,SR,Floyd,48153,Wesley,False,Hunt,REP,Republican,99,S,Texas,2026-03-04T04:14:56.400Z,741,8,8.5,63
69840,Sara Canady,SR,Floyd,48153,Sara,False,Canady,REP,Republican,99,S,Texas,2026-03-04T04:14:56.400Z,741,1,1.5,11
68154,Virgil Bierschwale,SR,Floyd,48153,Virgil,False,Bierschwale,REP,Republican,99,S,Texas,2026-03-04T04:14:56.400Z,741,1,0.7,5
169980,Anna Bender,SR,Floyd,48153,Anna,False,Bender,REP,Republican,99,S,Texas,2026-03-04T04:14:56.400Z,741,1,0.5,4
160846,Gulrez Khan,SR,Floyd,48153,Gulrez,False,Khan,REP,Republican,99,S,Texas,2026-03-04T04:14:56.400Z,741,0,0.4,3
169981,John Adefope,SR,Floyd,48153,John,False,Adefope,REP,Republican,99,S,Texas,2026-03-04T04:14:56.400Z,741,0,0.0,0
367,John Cornyn,SR,Foard,48155,John,True,Cornyn,REP,Republican,99,S,Texas,2026-03-04T06:29:55.410Z,253,47,47.0,119
58352,Ken Paxton,SR,Foard,48155,Ken,False,Paxton,REP,Republican,99,S,Texas,2026-03-04T06:29:55.410Z,253,40,39.5,100
68242,Wesley Hunt,SR,Foard,48155,Wesley,False,Hunt,REP,Republican,99,S,Texas,2026-03-04T06:29:55.410Z,253,5,5.1,13
169980,Anna Bender,SR,Foard,48155,Anna,False,Bender,REP,Republican,99,S,Texas,2026-03-04T06:29:55.410Z,253,4,3.6,9
68154,Virgil Bierschwale,SR,Foard,48155,Virgil,False,Bierschwale,REP,Republican,99,S,Texas,2026-03-04T06:29:55.410Z,253,2,2.0,5
69840,Sara Canady,SR,Foard,48155,Sara,False,Canady,REP,Republican,99,S,Texas,2026-03-04T06:29:55.410Z,253,2,2.0,5
169981,John Adefope,SR,Foard,48155,John,False,Adefope,REP,Republican,99,S,Texas,2026-03-04T06:29:55.410Z,253,0,0.4,1
160846,Gulrez Khan,SR,Foard,48155,Gulrez,False,Khan,REP,Republican,99,S,Texas,2026-03-04T06:29:55.410Z,253,0,0.4,1
58352,Ken Paxton,SR,Fort Bend,48157,Ken,False,Paxton,REP,Republican,99,S,Texas,2026-03-04T16:12:12.824Z,54831,42,41.9,22989
367,John Cornyn,SR,Fort Bend,48157,John,True,Cornyn,REP,Republican,99,S,Texas,2026-03-04T16:12:12.824Z,54831,40,40.4,22142
68242,Wesley Hunt,SR,Fort Bend,48157,Wesley,False,Hunt,REP,Republican,99,S,Texas,2026-03-04T16:12:12.824Z,54831,13,13.5,7382
169980,Anna Bender,SR,Fort Bend,48157,Anna,False,Bender,REP,Republican,99,S,Texas,2026-03-04T16:12:12.824Z,54831,2,1.6,897
69840,Sara Canady,SR,Fort Bend,48157,Sara,False,Canady,REP,Republican,99,S,Texas,2026-03-04T16:12:12.824Z,54831,1,1.3,704
160846,Gulrez Khan,SR,Fort Bend,48157,Gulrez,False,Khan,REP,Republican,99,S,Texas,2026-03-04T16:12:12.824Z,54831,1,0.6,325
169981,John Adefope,SR,Fort Bend,48157,John,False,Adefope,REP,Republican,99,S,Texas,2026-03-04T16:12:12.824Z,54831,0,0.4,245
68154,Virgil Bierschwale,SR,Fort Bend,48157,Virgil,False,Bierschwale,REP,Republican,99,S,Texas,2026-03-04T16:12:12.824Z,54831,0,0.3,147
367,John Cornyn,SR,Franklin,48159,John,True,Cornyn,REP,Republican,99,S,Texas,2026-03-04T07:05:16.053Z,2123,47,47.1,999
58352,Ken Paxton,SR,Franklin,48159,Ken,False,Paxton,REP,Republican,99,S,Texas,2026-03-04T07:05:16.053Z,2123,38,38.3,814
68242,Wesley Hunt,SR,Franklin,48159,Wesley,False,Hunt,REP,Republican,99,S,Texas,2026-03-04T07:05:16.053Z,2123,11,11.2,238
69840,Sara Canady,SR,Franklin,48159,Sara,False,Canady,REP,Republican,99,S,Texas,2026-03-04T07:05:16.053Z,2123,1,1.1,23
169980,Anna Bender,SR,Franklin,48159,Anna,False,Bender,REP,Republican,99,S,Texas,2026-03-04T07:05:16.053Z,2123,1,1.0,22
68154,Virgil Bierschwale,SR,Franklin,48159,Virgil,False,Bierschwale,REP,Republican,99,S,Texas,2026-03-04T07:05:16.053Z,2123,1,0.8,16
169981,John Adefope,SR,Franklin,48159,John,False,Adefope,REP,Republican,99,S,Texas,2026-03-04T07:05:16.053Z,2123,0,0.3,7
160846,Gulrez Khan,SR,Franklin,48159,Gulrez,False,Khan,REP,Republican,99,S,Texas,2026-03-04T07:05:16.053Z,2123,0,0.2,4
58352,Ken Paxton,SR,Freestone,48161,Ken,False,Paxton,REP,Republican,99,S,Texas,2026-03-04T09:10:19.271Z,3291,42,41.9,1378
367,John Cornyn,SR,Freestone,48161,John,True,Cornyn,REP,Republican,99,S,Texas,2026-03-04T09:10:19.271Z,3291,38,37.9,1249
68242,Wesley Hunt,SR,Freestone,48161,Wesley,False,Hunt,REP,Republican,99,S,Texas,2026-03-04T09:10:19.271Z,3291,17,16.8,552
169980,Anna Bender,SR,Freestone,48161,Anna,False,Bender,REP,Republican,99,S,Texas,2026-03-04T09:10:19.271Z,3291,2,1.5,51
69840,Sara Canady,SR,Freestone,48161,Sara,False,Canady,REP,Republican,99,S,Texas,2026-03-04T09:10:19.271Z,3291,1,1.0,32
68154,Virgil Bierschwale,SR,Freestone,48161,Virgil,False,Bierschwale,REP,Republican,99,S,Texas,2026-03-04T09:10:19.271Z,3291,0,0.5,16
160846,Gulrez Khan,SR,Freestone,48161,Gulrez,False,Khan,REP,Republican,99,S,Texas,2026-03-04T09:10:19.271Z,3291,0,0.3,9
169981,John Adefope,SR,Freestone,48161,John,False,Adefope,REP,Republican,99,S,Texas,2026-03-04T09:10:19.271Z,3291,0,0.1,4
58352,Ken Paxton,SR,Frio,48163,Ken,False,Paxton,REP,Republican,86,S,Texas,2026-03-04T05:48:12.258Z,537,48,47.9,257
367,John Cornyn,SR,Frio,48163,John,True,Cornyn,REP,Republican,86,S,Texas,2026-03-04T05:48:12.258Z,537,31,30.7,165
68242,Wesley Hunt,SR,Frio,48163,Wesley,False,Hunt,REP,Republican,86,S,Texas,2026-03-04T05:48:12.258Z,537,14,14.3,77
169980,Anna Bender,SR,Frio,48163,Anna,False,Bender,REP,Republican,86,S,Texas,2026-03-04T05:48:12.258Z,537,3,2.8,15
69840,Sara Canady,SR,Frio,48163,Sara,False,Canady,REP,Republican,86,S,Texas,2026-03-04T05:48:12.258Z,537,2,2.4,13
169981,John Adefope,SR,Frio,48163,John,False,Adefope,REP,Republican,86,S,Texas,2026-03-04T05:48:12.258Z,537,1,1.1,6
160846,Gulrez Khan,SR,Frio,48163,Gulrez,False,Khan,REP,Republican,86,S,Texas,2026-03-04T05:48:12.258Z,537,1,0.6,3
68154,Virgil Bierschwale,SR,Frio,48163,Virgil,False,Bierschwale,REP,Republican,86,S,Texas,2026-03-04T05:48:12.258Z,537,0,0.2,1
58352,Ken Paxton,SR,Gaines,48165,Ken,False,Paxton,REP,Republican,99,S,Texas,2026-03-04T04:47:16.812Z,2127,50,50.0,1063
367,John Cornyn,SR,Gaines,48165,John,True,Cornyn,REP,Republican,99,S,Texas,2026-03-04T04:47:16.812Z,2127,28,27.7,590
68242,Wesley Hunt,SR,Gaines,48165,Wesley,False,Hunt,REP,Republican,99,S,Texas,2026-03-04T04:47:16.812Z,2127,17,16.9,359
69840,Sara Canady,SR,Gaines,48165,Sara,False,Canady,REP,Republican,99,S,Texas,2026-03-04T04:47:16.812Z,2127,2,2.3,50
169980,Anna Bender,SR,Gaines,48165,Anna,False,Bender,REP,Republican,99,S,Texas,2026-03-04T04:47:16.812Z,2127,1,1.4,30
169981,John Adefope,SR,Gaines,48165,John,False,Adefope,REP,Republican,99,S,Texas,2026-03-04T04:47:16.812Z,2127,1,0.7,14
160846,Gulrez Khan,SR,Gaines,48165,Gulrez,False,Khan,REP,Republican,99,S,Texas,2026-03-04T04:47:16.812Z,2127,1,0.7,14
68154,Virgil Bierschwale,SR,Gaines,48165,Virgil,False,Bierschwale,REP,Republican,99,S,Texas,2026-03-04T04:47:16.812Z,2127,0,0.3,7
58352,Ken Paxton,SR,Galveston,48167,Ken,False,Paxton,REP,Republican,99,S,Texas,2026-03-04T17:34:37.674Z,33103,44,43.7,14469
367,John Cornyn,SR,Galveston,48167,John,True,Cornyn,REP,Republican,99,S,Texas,2026-03-04T17:34:37.674Z,33103,38,37.8,12524
68242,Wesley Hunt,SR,Galveston,48167,Wesley,False,Hunt,REP,Republican,99,S,Texas,2026-03-04T17:34:37.674Z,33103,15,14.9,4922
169980,Anna Bender,SR,Galveston,48167,Anna,False,Bender,REP,Republican,99,S,Texas,2026-03-04T17:34:37.674Z,33103,1,1.4,483
69840,Sara Canady,SR,Galveston,48167,Sara,False,Canady,REP,Republican,99,S,Texas,2026-03-04T17:34:37.674Z,33103,1,1.1,368
160846,Gulrez Khan,SR,Galveston,48167,Gulrez,False,Khan,REP,Republican,99,S,Texas,2026-03-04T17:34:37.674Z,33103,0,0.5,160
68154,Virgil Bierschwale,SR,Galveston,48167,Virgil,False,Bierschwale,REP,Republican,99,S,Texas,2026-03-04T17:34:37.674Z,33103,0,0.3,89
169981,John Adefope,SR,Galveston,48167,John,False,Adefope,REP,Republican,99,S,Texas,2026-03-04T17:34:37.674Z,33103,0,0.3,88
367,John Cornyn,SR,Garza,48169,John,True,Cornyn,REP,Republican,99,S,Texas,2026-03-04T04:14:56.400Z,567,43,43.2,245
58352,Ken Paxton,SR,Garza,48169,Ken,False,Paxton,REP,Republican,99,S,Texas,2026-03-04T04:14:56.400Z,567,38,37.6,213
68242,Wesley Hunt,SR,Garza,48169,Wesley,False,Hunt,REP,Republican,99,S,Texas,2026-03-04T04:14:56.400Z,567,15,15.2,86
69840,Sara Canady,SR,Garza,48169,Sara,False,Canady,REP,Republican,99,S,Texas,2026-03-04T04:14:56.400Z,567,1,1.2,7
169980,Anna Bender,SR,Garza,48169,Anna,False,Bender,REP,Republican,99,S,Texas,2026-03-04T04:14:56.400Z,567,1,1.0,6
160846,Gulrez Khan,SR,Garza,48169,Gulrez,False,Khan,REP,Republican,99,S,Texas,2026-03-04T04:14:56.400Z,567,1,1.0,6
68154,Virgil Bierschwale,SR,Garza,48169,Virgil,False,Bierschwale,REP,Republican,99,S,Texas,2026-03-04T04:14:56.400Z,567,1,0.7,4
169981,John Adefope,SR,Garza,48169,John,False,Adefope,REP,Republican,99,S,Texas,2026-03-04T04:14:56.400Z,567,0,0.0,0
367,John Cornyn,SR,Gillespie,48171,John,True,Cornyn,REP,Republican,97,S,Texas,2026-03-04T16:16:33.811Z,6846,49,49.2,3368
58352,Ken Paxton,SR,Gillespie,48171,Ken,False,Paxton,REP,Republican,97,S,Texas,2026-03-04T16:16:33.811Z,6846,38,38.1,2607
68242,Wesley Hunt,SR,Gillespie,48171,Wesley,False,Hunt,REP,Republican,97,S,Texas,2026-03-04T16:16:33.811Z,6846,9,9.0,614
68154,Virgil Bierschwale,SR,Gillespie,48171,Virgil,False,Bierschwale,REP,Republican,97,S,Texas,2026-03-04T16:16:33.811Z,6846,2,1.7,115
69840,Sara Canady,SR,Gillespie,48171,Sara,False,Canady,REP,Republican,97,S,Texas,2026-03-04T16:16:33.811Z,6846,1,0.9,63
169980,Anna Bender,SR,Gillespie,48171,Anna,False,Bender,REP,Republican,97,S,Texas,2026-03-04T16:16:33.811Z,6846,1,0.5,35
160846,Gulrez Khan,SR,Gillespie,48171,Gulrez,False,Khan,REP,Republican,97,S,Texas,2026-03-04T16:16:33.811Z,6846,0,0.4,32
169981,John Adefope,SR,Gillespie,48171,John,False,Adefope,REP,Republican,97,S,Texas,2026-03-04T16:16:33.811Z,6846,0,0.2,12
367,John Cornyn,SR,Glasscock,48173,John,True,Cornyn,REP,Republican,99,S,Texas,2026-03-04T17:03:37.024Z,373,50,50.4,188
58352,Ken Paxton,SR,Glasscock,48173,Ken,False,Paxton,REP,Republican,99,S,Texas,2026-03-04T17:03:37.024Z,373,35,34.6,129
68242,Wesley Hunt,SR,Glasscock,48173,Wesley,False,Hunt,REP,Republican,99,S,Texas,2026-03-04T17:03:37.024Z,373,11,10.7,40
169980,Anna Bender,SR,Glasscock,48173,Anna,False,Bender,REP,Republican,99,S,Texas,2026-03-04T17:03:37.024Z,373,2,1.6,6
69840,Sara Canady,SR,Glasscock,48173,Sara,False,Canady,REP,Republican,99,S,Texas,2026-03-04T17:03:37.024Z,373,1,1.3,5
68154,Virgil Bierschwale,SR,Glasscock,48173,Virgil,False,Bierschwale,REP,Republican,99,S,Texas,2026-03-04T17:03:37.024Z,373,0,0.5,2
160846,Gulrez Khan,SR,Glasscock,48173,Gulrez,False,Khan,REP,Republican,99,S,Texas,2026-03-04T17:03:37.024Z,373,0,0.5,2
169981,John Adefope,SR,Glasscock,48173,John,False,Adefope,REP,Republican,99,S,Texas,2026-03-04T17:03:37.024Z,373,0,0.3,1
58352,Ken Paxton,SR,Goliad,48175,Ken,False,Paxton,REP,Republican,96,S,Texas,2026-03-04T16:14:44.459Z,1775,42,41.6,739
367,John Cornyn,SR,Goliad,48175,John,True,Cornyn,REP,Republican,96,S,Texas,2026-03-04T16:14:44.459Z,1775,40,40.3,715
68242,Wesley Hunt,SR,Goliad,48175,Wesley,False,Hunt,REP,Republican,96,S,Texas,2026-03-04T16:14:44.459Z,1775,14,13.6,242
69840,Sara Canady,SR,Goliad,48175,Sara,False,Canady,REP,Republican,96,S,Texas,2026-03-04T16:14:44.459Z,1775,2,1.7,31
169980,Anna Bender,SR,Goliad,48175,Anna,False,Bender,REP,Republican,96,S,Texas,2026-03-04T16:14:44.459Z,1775,1,1.1,20
160846,Gulrez Khan,SR,Goliad,48175,Gulrez,False,Khan,REP,Republican,96,S,Texas,2026-03-04T16:14:44.459Z,1775,1,0.7,13
169981,John Adefope,SR,Goliad,48175,John,False,Adefope,REP,Republican,96,S,Texas,2026-03-04T16:14:44.459Z,1775,0,0.5,8
68154,Virgil Bierschwale,SR,Goliad,48175,Virgil,False,Bierschwale,REP,Republican,96,S,Texas,2026-03-04T16:14:44.459Z,1775,0,0.4,7
367,John Cornyn,SR,Gonzales,48177,John,True,Cornyn,REP,Republican,99,S,Texas,2026-03-04T04:14:56.400Z,2382,43,42.6,1016
58352,Ken Paxton,SR,Gonzales,48177,Ken,False,Paxton,REP,Republican,99,S,Texas,2026-03-04T04:14:56.400Z,2382,42,42.0,1000
68242,Wesley Hunt,SR,Gonzales,48177,Wesley,False,Hunt,REP,Republican,99,S,Texas,2026-03-04T04:14:56.400Z,2382,12,12.2,291
69840,Sara Canady,SR,Gonzales,48177,Sara,False,Canady,REP,Republican,99,S,Texas,2026-03-04T04:14:56.400Z,2382,1,0.8,20
160846,Gulrez Khan,SR,Gonzales,48177,Gulrez,False,Khan,REP,Republican,99,S,Texas,2026-03-04T04:14:56.400Z,2382,1,0.8,19
68154,Virgil Bierschwale,SR,Gonzales,48177,Virgil,False,Bierschwale,REP,Republican,99,S,Texas,2026-03-04T04:14:56.400Z,2382,1,0.8,18
169980,Anna Bender,SR,Gonzales,48177,Anna,False,Bender,REP,Republican,99,S,Texas,2026-03-04T04:14:56.400Z,2382,0,0.5,11
169981,John Adefope,SR,Gonzales,48177,John,False,Adefope,REP,Republican,99,S,Texas,2026-03-04T04:14:56.400Z,2382,0,0.3,7
58352,Ken Paxton,SR,Gray,48179,Ken,False,Paxton,REP,Republican,99,S,Texas,2026-03-04T17:13:55.497Z,3220,47,47.0,1514
367,John Cornyn,SR,Gray,48179,John,True,Cornyn,REP,Republican,99,S,Texas,2026-03-04T17:13:55.497Z,3220,39,39.0,1256
68242,Wesley Hunt,SR,Gray,48179,Wesley,False,Hunt,REP,Republican,99,S,Texas,2026-03-04T17:13:55.497Z,3220,8,8.4,271
69840,Sara Canady,SR,Gray,48179,Sara,False,Canady,REP,Republican,99,S,Texas,2026-03-04T17:13:55.497Z,3220,3,3.2,103
169980,Anna Bender,SR,Gray,48179,Anna,False,Bender,REP,Republican,99,S,Texas,2026-03-04T17:13:55.497Z,3220,1,1.5,48
160846,Gulrez Khan,SR,Gray,48179,Gulrez,False,Khan,REP,Republican,99,S,Texas,2026-03-04T17:13:55.497Z,3220,0,0.4,13
68154,Virgil Bierschwale,SR,Gray,48179,Virgil,False,Bierschwale,REP,Republican,99,S,Texas,2026-03-04T17:13:55.497Z,3220,0,0.3,9
169981,John Adefope,SR,Gray,48179,John,False,Adefope,REP,Republican,99,S,Texas,2026-03-04T17:13:55.497Z,3220,0,0.2,6
367,John Cornyn,SR,Grayson,48181,John,True,Cornyn,REP,Republican,99,S,Texas,2026-03-04T17:34:47.349Z,16636,44,44.3,7375
58352,Ken Paxton,SR,Grayson,48181,Ken,False,Paxton,REP,Republican,99,S,Texas,2026-03-04T17:34:47.349Z,16636,43,43.3,7211
68242,Wesley Hunt,SR,Grayson,48181,Wesley,False,Hunt,REP,Republican,99,S,Texas,2026-03-04T17:34:47.349Z,16636,10,9.6,1595
169980,Anna Bender,SR,Grayson,48181,Anna,False,Bender,REP,Republican,99,S,Texas,2026-03-04T17:34:47.349Z,16636,1,1.0,172
69840,Sara Canady,SR,Grayson,48181,Sara,False,Canady,REP,Republican,99,S,Texas,2026-03-04T17:34:47.349Z,16636,1,0.9,142
160846,Gulrez Khan,SR,Grayson,48181,Gulrez,False,Khan,REP,Republican,99,S,Texas,2026-03-04T17:34:47.349Z,16636,0,0.4,61
68154,Virgil Bierschwale,SR,Grayson,48181,Virgil,False,Bierschwale,REP,Republican,99,S,Texas,2026-03-04T17:34:47.349Z,16636,0,0.3,55
169981,John Adefope,SR,Grayson,48181,John,False,Adefope,REP,Republican,99,S,Texas,2026-03-04T17:34:47.349Z,16636,0,0.2,25
367,John Cornyn,SR,Gregg,48183,John,True,Cornyn,REP,Republican,99,S,Texas,2026-03-04T17:34:47.349Z,12013,48,48.5,5825
58352,Ken Paxton,SR,Gregg,48183,Ken,False,Paxton,REP,Republican,99,S,Texas,2026-03-04T17:34:47.349Z,12013,37,36.9,4431
68242,Wesley Hunt,SR,Gregg,48183,Wesley,False,Hunt,REP,Republican,99,S,Texas,2026-03-04T17:34:47.349Z,12013,12,11.8,1417
169980,Anna Bender,SR,Gregg,48183,Anna,False,Bender,REP,Republican,99,S,Texas,2026-03-04T17:34:47.349Z,12013,1,0.8,95
69840,Sara Canady,SR,Gregg,48183,Sara,False,Canady,REP,Republican,99,S,Texas,2026-03-04T17:34:47.349Z,12013,1,0.8,94
160846,Gulrez Khan,SR,Gregg,48183,Gulrez,False,Khan,REP,Republican,99,S,Texas,2026-03-04T17:34:47.349Z,12013,1,0.6,81
169981,John Adefope,SR,Gregg,48183,John,False,Adefope,REP,Republican,99,S,Texas,2026-03-04T17:34:47.349Z,12013,0,0.3,37
68154,Virgil Bierschwale,SR,Gregg,48183,Virgil,False,Bierschwale,REP,Republican,99,S,Texas,2026-03-04T17:34:47.349Z,12013,0,0.3,33
58352,Ken Paxton,SR,Grimes,48185,Ken,False,Paxton,REP,Republican,99,S,Texas,2026-03-04T08:01:23.354Z,4385,45,44.8,1966
367,John Cornyn,SR,Grimes,48185,John,True,Cornyn,REP,Republican,99,S,Texas,2026-03-04T08:01:23.354Z,4385,34,33.9,1487
68242,Wesley Hunt,SR,Grimes,48185,Wesley,False,Hunt,REP,Republican,99,S,Texas,2026-03-04T08:01:23.354Z,4385,18,18.4,805
169980,Anna Bender,SR,Grimes,48185,Anna,False,Bender,REP,Republican,99,S,Texas,2026-03-04T08:01:23.354Z,4385,1,1.2,55
69840,Sara Canady,SR,Grimes,48185,Sara,False,Canady,REP,Republican,99,S,Texas,2026-03-04T08:01:23.354Z,4385,1,1.0,42
160846,Gulrez Khan,SR,Grimes,48185,Gulrez,False,Khan,REP,Republican,99,S,Texas,2026-03-04T08:01:23.354Z,4385,0,0.3,14
169981,John Adefope,SR,Grimes,48185,John,False,Adefope,REP,Republican,99,S,Texas,2026-03-04T08:01:23.354Z,4385,0,0.2,8
68154,Virgil Bierschwale,SR,Grimes,48185,Virgil,False,Bierschwale,REP,Republican,99,S,Texas,2026-03-04T08:01:23.354Z,4385,0,0.2,8
367,John Cornyn,SR,Guadalupe,48187,John,True,Cornyn,REP,Republican,99,S,Texas,2026-03-04T08:46:58.578Z,17895,42,42.0,7509
58352,Ken Paxton,SR,Guadalupe,48187,Ken,False,Paxton,REP,Republican,99,S,Texas,2026-03-04T08:46:58.578Z,17895,39,39.4,7052
68242,Wesley Hunt,SR,Guadalupe,48187,Wesley,False,Hunt,REP,Republican,99,S,Texas,2026-03-04T08:46:58.578Z,17895,15,14.9,2675
169980,Anna Bender,SR,Guadalupe,48187,Anna,False,Bender,REP,Republican,99,S,Texas,2026-03-04T08:46:58.578Z,17895,1,1.2,215
69840,Sara Canady,SR,Guadalupe,48187,Sara,False,Canady,REP,Republican,99,S,Texas,2026-03-04T08:46:58.578Z,17895,1,1.1,203
68154,Virgil Bierschwale,SR,Guadalupe,48187,Virgil,False,Bierschwale,REP,Republican,99,S,Texas,2026-03-04T08:46:58.578Z,17895,1,0.6,103
160846,Gulrez Khan,SR,Guadalupe,48187,Gulrez,False,Khan,REP,Republican,99,S,Texas,2026-03-04T08:46:58.578Z,17895,0,0.5,83
169981,John Adefope,SR,Guadalupe,48187,John,False,Adefope,REP,Republican,99,S,Texas,2026-03-04T08:46:58.578Z,17895,0,0.3,55
58352,Ken Paxton,SR,Hale,48189,Ken,False,Paxton,REP,Republican,99,S,Texas,2026-03-04T09:07:39.263Z,2610,48,48.3,1260
367,John Cornyn,SR,Hale,48189,John,True,Cornyn,REP,Republican,99,S,Texas,2026-03-04T09:07:39.263Z,2610,40,39.5,1032
68242,Wesley Hunt,SR,Hale,48189,Wesley,False,Hunt,REP,Republican,99,S,Texas,2026-03-04T09:07:39.263Z,2610,9,9.2,240
69840,Sara Canady,SR,Hale,48189,Sara,False,Canady,REP,Republican,99,S,Texas,2026-03-04T09:07:39.263Z,2610,1,1.3,34
160846,Gulrez Khan,SR,Hale,48189,Gulrez,False,Khan,REP,Republican,99,S,Texas,2026-03-04T09:07:39.263Z,2610,1,0.6,15
169980,Anna Bender,SR,Hale,48189,Anna,False,Bender,REP,Republican,99,S,Texas,2026-03-04T09:07:39.263Z,2610,1,0.5,14
68154,Virgil Bierschwale,SR,Hale,48189,Virgil,False,Bierschwale,REP,Republican,99,S,Texas,2026-03-04T09:07:39.263Z,2610,0,0.5,13
169981,John Adefope,SR,Hale,48189,John,False,Adefope,REP,Republican,99,S,Texas,2026-03-04T09:07:39.263Z,2610,0,0.1,2
58352,Ken Paxton,SR,Hall,48191,Ken,False,Paxton,REP,Republican,99,S,Texas,2026-03-04T09:11:33.112Z,609,55,54.8,334
367,John Cornyn,SR,Hall,48191,John,True,Cornyn,REP,Republican,99,S,Texas,2026-03-04T09:11:33.112Z,609,34,34.3,209
68242,Wesley Hunt,SR,Hall,48191,Wesley,False,Hunt,REP,Republican,99,S,Texas,2026-03-04T09:11:33.112Z,609,6,6.1,37
69840,Sara Canady,SR,Hall,48191,Sara,False,Canady,REP,Republican,99,S,Texas,2026-03-04T09:11:33.112Z,609,2,2.1,13
169980,Anna Bender,SR,Hall,48191,Anna,False,Bender,REP,Republican,99,S,Texas,2026-03-04T09:11:33.112Z,609,1,1.3,8
169981,John Adefope,SR,Hall,48191,John,False,Adefope,REP,Republican,99,S,Texas,2026-03-04T09:11:33.112Z,609,0,0.5,3
160846,Gulrez Khan,SR,Hall,48191,Gulrez,False,Khan,REP,Republican,99,S,Texas,2026-03-04T09:11:33.112Z,609,0,0.5,3
68154,Virgil Bierschwale,SR,Hall,48191,Virgil,False,Bierschwale,REP,Republican,99,S,Texas,2026-03-04T09:11:33.112Z,609,0,0.3,2
367,John Cornyn,SR,Hamilton,48193,John,True,Cornyn,REP,Republican,99,S,Texas,2026-03-04T05:53:15.358Z,2478,43,43.4,1076
58352,Ken Paxton,SR,Hamilton,48193,Ken,False,Paxton,REP,Republican,99,S,Texas,2026-03-04T05:53:15.358Z,2478,40,39.8,987
68242,Wesley Hunt,SR,Hamilton,48193,Wesley,False,Hunt,REP,Republican,99,S,Texas,2026-03-04T05:53:15.358Z,2478,13,12.7,314
69840,Sara Canady,SR,Hamilton,48193,Sara,False,Canady,REP,Republican,99,S,Texas,2026-03-04T05:53:15.358Z,2478,2,1.6,39
169980,Anna Bender,SR,Hamilton,48193,Anna,False,Bender,REP,Republican,99,S,Texas,2026-03-04T05:53:15.358Z,2478,1,1.0,25
160846,Gulrez Khan,SR,Hamilton,48193,Gulrez,False,Khan,REP,Republican,99,S,Texas,2026-03-04T05:53:15.358Z,2478,1,0.8,21
68154,Virgil Bierschwale,SR,Hamilton,48193,Virgil,False,Bierschwale,REP,Republican,99,S,Texas,2026-03-04T05:53:15.358Z,2478,0,0.6,14
169981,John Adefope,SR,Hamilton,48193,John,False,Adefope,REP,Republican,99,S,Texas,2026-03-04T05:53:15.358Z,2478,0,0.1,2
367,John Cornyn,SR,Hansford,48195,John,True,Cornyn,REP,Republican,99,S,Texas,2026-03-04T05:41:28.141Z,641,46,45.9,294
58352,Ken Paxton,SR,Hansford,48195,Ken,False,Paxton,REP,Republican,99,S,Texas,2026-03-04T05:41:28.141Z,641,45,44.8,287
68242,Wesley Hunt,SR,Hansford,48195,Wesley,False,Hunt,REP,Republican,99,S,Texas,2026-03-04T05:41:28.141Z,641,7,7.0,45
69840,Sara Canady,SR,Hansford,48195,Sara,False,Canady,REP,Republican,99,S,Texas,2026-03-04T05:41:28.141Z,641,1,0.9,6
169980,Anna Bender,SR,Hansford,48195,Anna,False,Bender,REP,Republican,99,S,Texas,2026-03-04T05:41:28.141Z,641,1,0.8,5
68154,Virgil Bierschwale,SR,Hansford,48195,Virgil,False,Bierschwale,REP,Republican,99,S,Texas,2026-03-04T05:41:28.141Z,641,0,0.5,3
160846,Gulrez Khan,SR,Hansford,48195,Gulrez,False,Khan,REP,Republican,99,S,Texas,2026-03-04T05:41:28.141Z,641,0,0.1,1
169981,John Adefope,SR,Hansford,48195,John,False,Adefope,REP,Republican,99,S,Texas,2026-03-04T05:41:28.141Z,641,0,0.0,0
367,John Cornyn,SR,Hardeman,48197,John,True,Cornyn,REP,Republican,99,S,Texas,2026-03-04T04:14:56.400Z,487,51,51.1,249
58352,Ken Paxton,SR,Hardeman,48197,Ken,False,Paxton,REP,Republican,99,S,Texas,2026-03-04T04:14:56.400Z,487,39,38.6,188
68242,Wesley Hunt,SR,Hardeman,48197,Wesley,False,Hunt,REP,Republican,99,S,Texas,2026-03-04T04:14:56.400Z,487,8,7.6,37
169980,Anna Bender,SR,Hardeman,48197,Anna,False,Bender,REP,Republican,99,S,Texas,2026-03-04T04:14:56.400Z,487,1,1.2,6
69840,Sara Canady,SR,Hardeman,48197,Sara,False,Canady,REP,Republican,99,S,Texas,2026-03-04T04:14:56.400Z,487,1,1.2,6
160846,Gulrez Khan,SR,Hardeman,48197,Gulrez,False,Khan,REP,Republican,99,S,Texas,2026-03-04T04:14:56.400Z,487,0,0.2,1
169981,John Adefope,SR,Hardeman,48197,John,False,Adefope,REP,Republican,99,S,Texas,2026-03-04T04:14:56.400Z,487,0,0.0,0
68154,Virgil Bierschwale,SR,Hardeman,48197,Virgil,False,Bierschwale,REP,Republican,99,S,Texas,2026-03-04T04:14:56.400Z,487,0,0.0,0
58352,Ken Paxton,SR,Hardin,48199,Ken,False,Paxton,REP,Republican,99,S,Texas,2026-03-04T05:34:23.070Z,8676,51,51.6,4476
367,John Cornyn,SR,Hardin,48199,John,True,Cornyn,REP,Republican,99,S,Texas,2026-03-04T05:34:23.070Z,8676,34,33.6,2918
68242,Wesley Hunt,SR,Hardin,48199,Wesley,False,Hunt,REP,Republican,99,S,Texas,2026-03-04T05:34:23.070Z,8676,12,12.0,1043
169980,Anna Bender,SR,Hardin,48199,Anna,False,Bender,REP,Republican,99,S,Texas,2026-03-04T05:34:23.070Z,8676,1,0.8,71
69840,Sara Canady,SR,Hardin,48199,Sara,False,Canady,REP,Republican,99,S,Texas,2026-03-04T05:34:23.070Z,8676,1,0.7,60
169981,John Adefope,SR,Hardin,48199,John,False,Adefope,REP,Republican,99,S,Texas,2026-03-04T05:34:23.070Z,8676,1,0.6,53
68154,Virgil Bierschwale,SR,Hardin,48199,Virgil,False,Bierschwale,REP,Republican,99,S,Texas,2026-03-04T05:34:23.070Z,8676,0,0.4,36
160846,Gulrez Khan,SR,Hardin,48199,Gulrez,False,Khan,REP,Republican,99,S,Texas,2026-03-04T05:34:23.070Z,8676,0,0.2,19
367,John Cornyn,SR,Harris,48201,John,True,Cornyn,REP,Republican,95,S,Texas,2026-03-04T16:37:43.598Z,197387,38,38.5,75996
58352,Ken Paxton,SR,Harris,48201,Ken,False,Paxton,REP,Republican,95,S,Texas,2026-03-04T16:37:43.598Z,197387,38,37.6,74228
68242,Wesley Hunt,SR,Harris,48201,Wesley,False,Hunt,REP,Republican,95,S,Texas,2026-03-04T16:37:43.598Z,197387,20,19.8,38995
169980,Anna Bender,SR,Harris,48201,Anna,False,Bender,REP,Republican,95,S,Texas,2026-03-04T16:37:43.598Z,197387,1,1.3,2624
69840,Sara Canady,SR,Harris,48201,Sara,False,Canady,REP,Republican,95,S,Texas,2026-03-04T16:37:43.598Z,197387,1,1.0,2019
160846,Gulrez Khan,SR,Harris,48201,Gulrez,False,Khan,REP,Republican,95,S,Texas,2026-03-04T16:37:43.598Z,197387,1,0.6,1235
169981,John Adefope,SR,Harris,48201,John,False,Adefope,REP,Republican,95,S,Texas,2026-03-04T16:37:43.598Z,197387,1,0.6,1182
68154,Virgil Bierschwale,SR,Harris,48201,Virgil,False,Bierschwale,REP,Republican,95,S,Texas,2026-03-04T16:37:43.598Z,197387,0,0.6,1108
367,John Cornyn,SR,Harrison,48203,John,True,Cornyn,REP,Republican,99,S,Texas,2026-03-04T07:38:07.063Z,8141,45,45.3,3690
58352,Ken Paxton,SR,Harrison,48203,Ken,False,Paxton,REP,Republican,99,S,Texas,2026-03-04T07:38:07.063Z,8141,37,37.1,3020
68242,Wesley Hunt,SR,Harrison,48203,Wesley,False,Hunt,REP,Republican,99,S,Texas,2026-03-04T07:38:07.063Z,8141,12,12.2,994
68154,Virgil Bierschwale,SR,Harrison,48203,Virgil,False,Bierschwale,REP,Republican,99,S,Texas,2026-03-04T07:38:07.063Z,8141,2,1.9,155
69840,Sara Canady,SR,Harrison,48203,Sara,False,Canady,REP,Republican,99,S,Texas,2026-03-04T07:38:07.063Z,8141,2,1.6,127
169980,Anna Bender,SR,Harrison,48203,Anna,False,Bender,REP,Republican,99,S,Texas,2026-03-04T07:38:07.063Z,8141,1,0.8,66
160846,Gulrez Khan,SR,Harrison,48203,Gulrez,False,Khan,REP,Republican,99,S,Texas,2026-03-04T07:38:07.063Z,8141,1,0.6,49
169981,John Adefope,SR,Harrison,48203,John,False,Adefope,REP,Republican,99,S,Texas,2026-03-04T07:38:07.063Z,8141,0,0.5,40
367,John Cornyn,SR,Hartley,48205,John,True,Cornyn,REP,Republican,99,S,Texas,2026-03-04T09:20:30.135Z,908,46,46.1,419
58352,Ken Paxton,SR,Hartley,48205,Ken,False,Paxton,REP,Republican,99,S,Texas,2026-03-04T09:20:30.135Z,908,38,37.8,343
68242,Wesley Hunt,SR,Hartley,48205,Wesley,False,Hunt,REP,Republican,99,S,Texas,2026-03-04T09:20:30.135Z,908,11,10.7,97
69840,Sara Canady,SR,Hartley,48205,Sara,False,Canady,REP,Republican,99,S,Texas,2026-03-04T09:20:30.135Z,908,2,2.4,22
169980,Anna Bender,SR,Hartley,48205,Anna,False,Bender,REP,Republican,99,S,Texas,2026-03-04T09:20:30.135Z,908,2,1.9,17
160846,Gulrez Khan,SR,Hartley,48205,Gulrez,False,Khan,REP,Republican,99,S,Texas,2026-03-04T09:20:30.135Z,908,1,0.8,7
169981,John Adefope,SR,Hartley,48205,John,False,Adefope,REP,Republican,99,S,Texas,2026-03-04T09:20:30.135Z,908,0,0.2,2
68154,Virgil Bierschwale,SR,Hartley,48205,Virgil,False,Bierschwale,REP,Republican,99,S,Texas,2026-03-04T09:20:30.135Z,908,0,0.1,1
367,John Cornyn,SR,Haskell,48207,John,True,Cornyn,REP,Republican,99,S,Texas,2026-03-04T04:35:15.779Z,991,43,43.2,428
58352,Ken Paxton,SR,Haskell,48207,Ken,False,Paxton,REP,Republican,99,S,Texas,2026-03-04T04:35:15.779Z,991,40,39.8,394
68242,Wesley Hunt,SR,Haskell,48207,Wesley,False,Hunt,REP,Republican,99,S,Texas,2026-03-04T04:35:15.779Z,991,11,11.2,111
69840,Sara Canady,SR,Haskell,48207,Sara,False,Canady,REP,Republican,99,S,Texas,2026-03-04T04:35:15.779Z,991,2,2.4,24
169980,Anna Bender,SR,Haskell,48207,Anna,False,Bender,REP,Republican,99,S,Texas,2026-03-04T04:35:15.779Z,991,2,1.9,19
169981,John Adefope,SR,Haskell,48207,John,False,Adefope,REP,Republican,99,S,Texas,2026-03-04T04:35:15.779Z,991,1,0.8,8
160846,Gulrez Khan,SR,Haskell,48207,Gulrez,False,Khan,REP,Republican,99,S,Texas,2026-03-04T04:35:15.779Z,991,1,0.5,5
68154,Virgil Bierschwale,SR,Haskell,48207,Virgil,False,Bierschwale,REP,Republican,99,S,Texas,2026-03-04T04:35:15.779Z,991,0,0.2,2
367,John Cornyn,SR,Hays,48209,John,True,Cornyn,REP,Republican,99,S,Texas,2026-03-04T09:18:09.463Z,18427,44,44.4,8178
58352,Ken Paxton,SR,Hays,48209,Ken,False,Paxton,REP,Republican,99,S,Texas,2026-03-04T09:18:09.463Z,18427,38,38.1,7016
68242,Wesley Hunt,SR,Hays,48209,Wesley,False,Hunt,REP,Republican,99,S,Texas,2026-03-04T09:18:09.463Z,18427,14,13.9,2571
69840,Sara Canady,SR,Hays,48209,Sara,False,Canady,REP,Republican,99,S,Texas,2026-03-04T09:18:09.463Z,18427,2,1.6,287
160846,Gulrez Khan,SR,Hays,48209,Gulrez,False,Khan,REP,Republican,99,S,Texas,2026-03-04T09:18:09.463Z,18427,1,0.7,136
169980,Anna Bender,SR,Hays,48209,Anna,False,Bender,REP,Republican,99,S,Texas,2026-03-04T09:18:09.463Z,18427,0,0.5,92
68154,Virgil Bierschwale,SR,Hays,48209,Virgil,False,Bierschwale,REP,Republican,99,S,Texas,2026-03-04T09:18:09.463Z,18427,0,0.5,89
169981,John Adefope,SR,Hays,48209,John,False,Adefope,REP,Republican,99,S,Texas,2026-03-04T09:18:09.463Z,18427,0,0.3,58
58352,Ken Paxton,SR,Hemphill,48211,Ken,False,Paxton,REP,Republican,99,S,Texas,2026-03-04T17:16:05.463Z,869,50,49.8,433
367,John Cornyn,SR,Hemphill,48211,John,True,Cornyn,REP,Republican,99,S,Texas,2026-03-04T17:16:05.463Z,869,38,37.6,327
68242,Wesley Hunt,SR,Hemphill,48211,Wesley,False,Hunt,REP,Republican,99,S,Texas,2026-03-04T17:16:05.463Z,869,9,8.9,77
69840,Sara Canady,SR,Hemphill,48211,Sara,False,Canady,REP,Republican,99,S,Texas,2026-03-04T17:16:05.463Z,869,1,1.4,12
169980,Anna Bender,SR,Hemphill,48211,Anna,False,Bender,REP,Republican,99,S,Texas,2026-03-04T17:16:05.463Z,869,1,1.3,11
169981,John Adefope,SR,Hemphill,48211,John,False,Adefope,REP,Republican,99,S,Texas,2026-03-04T17:16:05.463Z,869,1,0.6,5
160846,Gulrez Khan,SR,Hemphill,48211,Gulrez,False,Khan,REP,Republican,99,S,Texas,2026-03-04T17:16:05.463Z,869,0,0.3,3
68154,Virgil Bierschwale,SR,Hemphill,48211,Virgil,False,Bierschwale,REP,Republican,99,S,Texas,2026-03-04T17:16:05.463Z,869,0,0.1,1
58352,Ken Paxton,SR,Henderson,48213,Ken,False,Paxton,REP,Republican,99,S,Texas,2026-03-04T09:17:50.032Z,12973,42,41.5,5384
367,John Cornyn,SR,Henderson,48213,John,True,Cornyn,REP,Republican,99,S,Texas,2026-03-04T09:17:50.032Z,12973,41,40.6,5271
68242,Wesley Hunt,SR,Henderson,48213,Wesley,False,Hunt,REP,Republican,99,S,Texas,2026-03-04T09:17:50.032Z,12973,15,15.1,1957
169980,Anna Bender,SR,Henderson,48213,Anna,False,Bender,REP,Republican,99,S,Texas,2026-03-04T09:17:50.032Z,12973,1,0.9,123
69840,Sara Canady,SR,Henderson,48213,Sara,False,Canady,REP,Republican,99,S,Texas,2026-03-04T09:17:50.032Z,12973,1,0.8,110
68154,Virgil Bierschwale,SR,Henderson,48213,Virgil,False,Bierschwale,REP,Republican,99,S,Texas,2026-03-04T09:17:50.032Z,12973,0,0.4,52
160846,Gulrez Khan,SR,Henderson,48213,Gulrez,False,Khan,REP,Republican,99,S,Texas,2026-03-04T09:17:50.032Z,12973,0,0.3,45
169981,John Adefope,SR,Henderson,48213,John,False,Adefope,REP,Republican,99,S,Texas,2026-03-04T09:17:50.032Z,12973,0,0.2,31
367,John Cornyn,SR,Hidalgo,48215,John,True,Cornyn,REP,Republican,99,S,Texas,2026-03-04T16:13:05.371Z,18809,46,46.5,8746
58352,Ken Paxton,SR,Hidalgo,48215,Ken,False,Paxton,REP,Republican,99,S,Texas,2026-03-04T16:13:05.371Z,18809,39,39.1,7363
68242,Wesley Hunt,SR,Hidalgo,48215,Wesley,False,Hunt,REP,Republican,99,S,Texas,2026-03-04T16:13:05.371Z,18809,7,7.5,1402
69840,Sara Canady,SR,Hidalgo,48215,Sara,False,Canady,REP,Republican,99,S,Texas,2026-03-04T16:13:05.371Z,18809,3,2.6,492
169980,Anna Bender,SR,Hidalgo,48215,Anna,False,Bender,REP,Republican,99,S,Texas,2026-03-04T16:13:05.371Z,18809,2,2.5,463
160846,Gulrez Khan,SR,Hidalgo,48215,Gulrez,False,Khan,REP,Republican,99,S,Texas,2026-03-04T16:13:05.371Z,18809,1,0.7,134
169981,John Adefope,SR,Hidalgo,48215,John,False,Adefope,REP,Republican,99,S,Texas,2026-03-04T16:13:05.371Z,18809,1,0.6,121
68154,Virgil Bierschwale,SR,Hidalgo,48215,Virgil,False,Bierschwale,REP,Republican,99,S,Texas,2026-03-04T16:13:05.371Z,18809,0,0.5,88
367,John Cornyn,SR,Hill,48217,John,True,Cornyn,REP,Republican,98,S,Texas,2026-03-04T17:16:36.651Z,5943,43,43.3,2572
58352,Ken Paxton,SR,Hill,48217,Ken,False,Paxton,REP,Republican,98,S,Texas,2026-03-04T17:16:36.651Z,5943,40,39.5,2350
68242,Wesley Hunt,SR,Hill,48217,Wesley,False,Hunt,REP,Republican,98,S,Texas,2026-03-04T17:16:36.651Z,5943,14,14.1,840
169980,Anna Bender,SR,Hill,48217,Anna,False,Bender,REP,Republican,98,S,Texas,2026-03-04T17:16:36.651Z,5943,1,1.1,65
69840,Sara Canady,SR,Hill,48217,Sara,False,Canady,REP,Republican,98,S,Texas,2026-03-04T17:16:36.651Z,5943,1,1.0,59
160846,Gulrez Khan,SR,Hill,48217,Gulrez,False,Khan,REP,Republican,98,S,Texas,2026-03-04T17:16:36.651Z,5943,0,0.4,23
68154,Virgil Bierschwale,SR,Hill,48217,Virgil,False,Bierschwale,REP,Republican,98,S,Texas,2026-03-04T17:16:36.651Z,5943,0,0.3,20
169981,John Adefope,SR,Hill,48217,John,False,Adefope,REP,Republican,98,S,Texas,2026-03-04T17:16:36.651Z,5943,0,0.2,14
58352,Ken Paxton,SR,Hockley,48219,Ken,False,Paxton,REP,Republican,99,S,Texas,2026-03-04T05:53:45.365Z,2600,49,49.4,1285
367,John Cornyn,SR,Hockley,48219,John,True,Cornyn,REP,Republican,99,S,Texas,2026-03-04T05:53:45.365Z,2600,36,36.0,935
68242,Wesley Hunt,SR,Hockley,48219,Wesley,False,Hunt,REP,Republican,99,S,Texas,2026-03-04T05:53:45.365Z,2600,10,10.0,260
69840,Sara Canady,SR,Hockley,48219,Sara,False,Canady,REP,Republican,99,S,Texas,2026-03-04T05:53:45.365Z,2600,2,1.8,48
169980,Anna Bender,SR,Hockley,48219,Anna,False,Bender,REP,Republican,99,S,Texas,2026-03-04T05:53:45.365Z,2600,1,1.5,38
169981,John Adefope,SR,Hockley,48219,John,False,Adefope,REP,Republican,99,S,Texas,2026-03-04T05:53:45.365Z,2600,1,0.6,15
160846,Gulrez Khan,SR,Hockley,48219,Gulrez,False,Khan,REP,Republican,99,S,Texas,2026-03-04T05:53:45.365Z,2600,0,0.4,10
68154,Virgil Bierschwale,SR,Hockley,48219,Virgil,False,Bierschwale,REP,Republican,99,S,Texas,2026-03-04T05:53:45.365Z,2600,0,0.3,9
58352,Ken Paxton,SR,Hood,48221,Ken,False,Paxton,REP,Republican,99,S,Texas,2026-03-04T05:22:17.716Z,13056,46,46.3,6051
367,John Cornyn,SR,Hood,48221,John,True,Cornyn,REP,Republican,99,S,Texas,2026-03-04T05:22:17.716Z,13056,39,39.4,5139
68242,Wesley Hunt,SR,Hood,48221,Wesley,False,Hunt,REP,Republican,99,S,Texas,2026-03-04T05:22:17.716Z,13056,12,11.9,1556
69840,Sara Canady,SR,Hood,48221,Sara,False,Canady,REP,Republican,99,S,Texas,2026-03-04T05:22:17.716Z,13056,1,0.9,115
169980,Anna Bender,SR,Hood,48221,Anna,False,Bender,REP,Republican,99,S,Texas,2026-03-04T05:22:17.716Z,13056,1,0.8,109
160846,Gulrez Khan,SR,Hood,48221,Gulrez,False,Khan,REP,Republican,99,S,Texas,2026-03-04T05:22:17.716Z,13056,0,0.4,47
68154,Virgil Bierschwale,SR,Hood,48221,Virgil,False,Bierschwale,REP,Republican,99,S,Texas,2026-03-04T05:22:17.716Z,13056,0,0.2,24
169981,John Adefope,SR,Hood,48221,John,False,Adefope,REP,Republican,99,S,Texas,2026-03-04T05:22:17.716Z,13056,0,0.1,15
367,John Cornyn,SR,Hopkins,48223,John,True,Cornyn,REP,Republican,99,S,Texas,2026-03-04T08:51:40.415Z,4357,41,40.7,1774
58352,Ken Paxton,SR,Hopkins,48223,Ken,False,Paxton,REP,Republican,99,S,Texas,2026-03-04T08:51:40.415Z,4357,38,37.6,1640
68242,Wesley Hunt,SR,Hopkins,48223,Wesley,False,Hunt,REP,Republican,99,S,Texas,2026-03-04T08:51:40.415Z,4357,19,19.0,828
169980,Anna Bender,SR,Hopkins,48223,Anna,False,Bender,REP,Republican,99,S,Texas,2026-03-04T08:51:40.415Z,4357,1,1.1,47
69840,Sara Canady,SR,Hopkins,48223,Sara,False,Canady,REP,Republican,99,S,Texas,2026-03-04T08:51:40.415Z,4357,1,0.5,23
160846,Gulrez Khan,SR,Hopkins,48223,Gulrez,False,Khan,REP,Republican,99,S,Texas,2026-03-04T08:51:40.415Z,4357,0,0.4,18
169981,John Adefope,SR,Hopkins,48223,John,False,Adefope,REP,Republican,99,S,Texas,2026-03-04T08:51:40.415Z,4357,0,0.4,16
68154,Virgil Bierschwale,SR,Hopkins,48223,Virgil,False,Bierschwale,REP,Republican,99,S,Texas,2026-03-04T08:51:40.415Z,4357,0,0.3,11
58352,Ken Paxton,SR,Houston,48225,Ken,False,Paxton,REP,Republican,98,S,Texas,2026-03-04T08:21:12.479Z,3388,51,51.3,1737
367,John Cornyn,SR,Houston,48225,John,True,Cornyn,REP,Republican,98,S,Texas,2026-03-04T08:21:12.479Z,3388,33,33.2,1124
68242,Wesley Hunt,SR,Houston,48225,Wesley,False,Hunt,REP,Republican,98,S,Texas,2026-03-04T08:21:12.479Z,3388,13,12.9,437
169981,John Adefope,SR,Houston,48225,John,False,Adefope,REP,Republican,98,S,Texas,2026-03-04T08:21:12.479Z,3388,1,0.7,25
169980,Anna Bender,SR,Houston,48225,Anna,False,Bender,REP,Republican,98,S,Texas,2026-03-04T08:21:12.479Z,3388,1,0.7,24
69840,Sara Canady,SR,Houston,48225,Sara,False,Canady,REP,Republican,98,S,Texas,2026-03-04T08:21:12.479Z,3388,1,0.7,23
68154,Virgil Bierschwale,SR,Houston,48225,Virgil,False,Bierschwale,REP,Republican,98,S,Texas,2026-03-04T08:21:12.479Z,3388,0,0.3,12
160846,Gulrez Khan,SR,Houston,48225,Gulrez,False,Khan,REP,Republican,98,S,Texas,2026-03-04T08:21:12.479Z,3388,0,0.2,6
58352,Ken Paxton,SR,Howard,48227,Ken,False,Paxton,REP,Republican,99,S,Texas,2026-03-04T08:31:31.325Z,2278,49,49.3,1124
367,John Cornyn,SR,Howard,48227,John,True,Cornyn,REP,Republican,99,S,Texas,2026-03-04T08:31:31.325Z,2278,37,37.0,843
68242,Wesley Hunt,SR,Howard,48227,Wesley,False,Hunt,REP,Republican,99,S,Texas,2026-03-04T08:31:31.325Z,2278,11,10.6,242
69840,Sara Canady,SR,Howard,48227,Sara,False,Canady,REP,Republican,99,S,Texas,2026-03-04T08:31:31.325Z,2278,1,1.0,23
68154,Virgil Bierschwale,SR,Howard,48227,Virgil,False,Bierschwale,REP,Republican,99,S,Texas,2026-03-04T08:31:31.325Z,2278,1,0.8,18
169980,Anna Bender,SR,Howard,48227,Anna,False,Bender,REP,Republican,99,S,Texas,2026-03-04T08:31:31.325Z,2278,1,0.6,14
160846,Gulrez Khan,SR,Howard,48227,Gulrez,False,Khan,REP,Republican,99,S,Texas,2026-03-04T08:31:31.325Z,2278,0,0.5,12
169981,John Adefope,SR,Howard,48227,John,False,Adefope,REP,Republican,99,S,Texas,2026-03-04T08:31:31.325Z,2278,0,0.1,2
58352,Ken Paxton,SR,Hudspeth,48229,Ken,False,Paxton,REP,Republican,99,S,Texas,2026-03-04T05:13:33.486Z,432,45,45.4,196
367,John Cornyn,SR,Hudspeth,48229,John,True,Cornyn,REP,Republican,99,S,Texas,2026-03-04T05:13:33.486Z,432,31,31.5,136
68242,Wesley Hunt,SR,Hudspeth,48229,Wesley,False,Hunt,REP,Republican,99,S,Texas,2026-03-04T05:13:33.486Z,432,9,8.6,37
69840,Sara Canady,SR,Hudspeth,48229,Sara,False,Canady,REP,Republican,99,S,Texas,2026-03-04T05:13:33.486Z,432,7,6.7,29
169980,Anna Bender,SR,Hudspeth,48229,Anna,False,Bender,REP,Republican,99,S,Texas,2026-03-04T05:13:33.486Z,432,5,4.6,20
160846,Gulrez Khan,SR,Hudspeth,48229,Gulrez,False,Khan,REP,Republican,99,S,Texas,2026-03-04T05:13:33.486Z,432,1,1.4,6
169981,John Adefope,SR,Hudspeth,48229,John,False,Adefope,REP,Republican,99,S,Texas,2026-03-04T05:13:33.486Z,432,1,1.1,5
68154,Virgil Bierschwale,SR,Hudspeth,48229,Virgil,False,Bierschwale,REP,Republican,99,S,Texas,2026-03-04T05:13:33.486Z,432,1,0.7,3
58352,Ken Paxton,SR,Hunt,48231,Ken,False,Paxton,REP,Republican,99,S,Texas,2026-03-04T09:05:26.216Z,13106,46,46.4,6084
367,John Cornyn,SR,Hunt,48231,John,True,Cornyn,REP,Republican,99,S,Texas,2026-03-04T09:05:26.216Z,13106,33,32.8,4297
68242,Wesley Hunt,SR,Hunt,48231,Wesley,False,Hunt,REP,Republican,99,S,Texas,2026-03-04T09:05:26.216Z,13106,18,17.6,2302
69840,Sara Canady,SR,Hunt,48231,Sara,False,Canady,REP,Republican,99,S,Texas,2026-03-04T09:05:26.216Z,13106,1,1.1,149
169980,Anna Bender,SR,Hunt,48231,Anna,False,Bender,REP,Republican,99,S,Texas,2026-03-04T09:05:26.216Z,13106,1,0.9,124
160846,Gulrez Khan,SR,Hunt,48231,Gulrez,False,Khan,REP,Republican,99,S,Texas,2026-03-04T09:05:26.216Z,13106,0,0.5,59
68154,Virgil Bierschwale,SR,Hunt,48231,Virgil,False,Bierschwale,REP,Republican,99,S,Texas,2026-03-04T09:05:26.216Z,13106,0,0.4,53
169981,John Adefope,SR,Hunt,48231,John,False,Adefope,REP,Republican,99,S,Texas,2026-03-04T09:05:26.216Z,13106,0,0.3,38
58352,Ken Paxton,SR,Hutchinson,48233,Ken,False,Paxton,REP,Republican,99,S,Texas,2026-03-04T16:04:43.596Z,2766,49,49.5,1368
367,John Cornyn,SR,Hutchinson,48233,John,True,Cornyn,REP,Republican,99,S,Texas,2026-03-04T16:04:43.596Z,2766,37,37.0,1024
68242,Wesley Hunt,SR,Hutchinson,48233,Wesley,False,Hunt,REP,Republican,99,S,Texas,2026-03-04T16:04:43.596Z,2766,10,9.7,267
69840,Sara Canady,SR,Hutchinson,48233,Sara,False,Canady,REP,Republican,99,S,Texas,2026-03-04T16:04:43.596Z,2766,2,1.8,49
169980,Anna Bender,SR,Hutchinson,48233,Anna,False,Bender,REP,Republican,99,S,Texas,2026-03-04T16:04:43.596Z,2766,1,1.0,29
160846,Gulrez Khan,SR,Hutchinson,48233,Gulrez,False,Khan,REP,Republican,99,S,Texas,2026-03-04T16:04:43.596Z,2766,1,0.9,24
68154,Virgil Bierschwale,SR,Hutchinson,48233,Virgil,False,Bierschwale,REP,Republican,99,S,Texas,2026-03-04T16:04:43.596Z,2766,0,0.1,4
169981,John Adefope,SR,Hutchinson,48233,John,False,Adefope,REP,Republican,99,S,Texas,2026-03-04T16:04:43.596Z,2766,0,0.0,1
58352,Ken Paxton,SR,Irion,48235,Ken,False,Paxton,REP,Republican,99,S,Texas,2026-03-04T17:04:05.177Z,467,44,44.3,207
367,John Cornyn,SR,Irion,48235,John,True,Cornyn,REP,Republican,99,S,Texas,2026-03-04T17:04:05.177Z,467,40,39.6,185
68242,Wesley Hunt,SR,Irion,48235,Wesley,False,Hunt,REP,Republican,99,S,Texas,2026-03-04T17:04:05.177Z,467,12,12.2,57
69840,Sara Canady,SR,Irion,48235,Sara,False,Canady,REP,Republican,99,S,Texas,2026-03-04T17:04:05.177Z,467,1,1.5,7
169980,Anna Bender,SR,Irion,48235,Anna,False,Bender,REP,Republican,99,S,Texas,2026-03-04T17:04:05.177Z,467,1,0.9,4
160846,Gulrez Khan,SR,Irion,48235,Gulrez,False,Khan,REP,Republican,99,S,Texas,2026-03-04T17:04:05.177Z,467,1,0.9,4
68154,Virgil Bierschwale,SR,Irion,48235,Virgil,False,Bierschwale,REP,Republican,99,S,Texas,2026-03-04T17:04:05.177Z,467,1,0.6,3
169981,John Adefope,SR,Irion,48235,John,False,Adefope,REP,Republican,99,S,Texas,2026-03-04T17:04:05.177Z,467,0,0.0,0
58352,Ken Paxton,SR,Jack,48237,Ken,False,Paxton,REP,Republican,99,S,Texas,2026-03-04T06:23:46.259Z,1458,44,43.6,635
367,John Cornyn,SR,Jack,48237,John,True,Cornyn,REP,Republican,99,S,Texas,2026-03-04T06:23:46.259Z,1458,41,41.4,604
68242,Wesley Hunt,SR,Jack,48237,Wesley,False,Hunt,REP,Republican,99,S,Texas,2026-03-04T06:23:46.259Z,1458,12,11.8,172
169980,Anna Bender,SR,Jack,48237,Anna,False,Bender,REP,Republican,99,S,Texas,2026-03-04T06:23:46.259Z,1458,1,1.2,17
69840,Sara Canady,SR,Jack,48237,Sara,False,Canady,REP,Republican,99,S,Texas,2026-03-04T06:23:46.259Z,1458,1,1.2,17
169981,John Adefope,SR,Jack,48237,John,False,Adefope,REP,Republican,99,S,Texas,2026-03-04T06:23:46.259Z,1458,0,0.4,6
68154,Virgil Bierschwale,SR,Jack,48237,Virgil,False,Bierschwale,REP,Republican,99,S,Texas,2026-03-04T06:23:46.259Z,1458,0,0.3,5
160846,Gulrez Khan,SR,Jack,48237,Gulrez,False,Khan,REP,Republican,99,S,Texas,2026-03-04T06:23:46.259Z,1458,0,0.1,2
58352,Ken Paxton,SR,Jackson,48239,Ken,False,Paxton,REP,Republican,99,S,Texas,2026-03-04T04:39:52.048Z,2805,51,50.9,1427
367,John Cornyn,SR,Jackson,48239,John,True,Cornyn,REP,Republican,99,S,Texas,2026-03-04T04:39:52.048Z,2805,30,30.4,853
68242,Wesley Hunt,SR,Jackson,48239,Wesley,False,Hunt,REP,Republican,99,S,Texas,2026-03-04T04:39:52.048Z,2805,15,15.5,434
69840,Sara Canady,SR,Jackson,48239,Sara,False,Canady,REP,Republican,99,S,Texas,2026-03-04T04:39:52.048Z,2805,1,1.5,41
169981,John Adefope,SR,Jackson,48239,John,False,Adefope,REP,Republican,99,S,Texas,2026-03-04T04:39:52.048Z,2805,1,0.6,18
169980,Anna Bender,SR,Jackson,48239,Anna,False,Bender,REP,Republican,99,S,Texas,2026-03-04T04:39:52.048Z,2805,1,0.6,18
160846,Gulrez Khan,SR,Jackson,48239,Gulrez,False,Khan,REP,Republican,99,S,Texas,2026-03-04T04:39:52.048Z,2805,0,0.3,9
68154,Virgil Bierschwale,SR,Jackson,48239,Virgil,False,Bierschwale,REP,Republican,99,S,Texas,2026-03-04T04:39:52.048Z,2805,0,0.2,5
58352,Ken Paxton,SR,Jasper,48241,Ken,False,Paxton,REP,Republican,99,S,Texas,2026-03-04T08:00:07.478Z,4978,46,46.1,2297
367,John Cornyn,SR,Jasper,48241,John,True,Cornyn,REP,Republican,99,S,Texas,2026-03-04T08:00:07.478Z,4978,37,37.0,1840
68242,Wesley Hunt,SR,Jasper,48241,Wesley,False,Hunt,REP,Republican,99,S,Texas,2026-03-04T08:00:07.478Z,4978,15,14.7,731
69840,Sara Canady,SR,Jasper,48241,Sara,False,Canady,REP,Republican,99,S,Texas,2026-03-04T08:00:07.478Z,4978,1,1.1,54
169980,Anna Bender,SR,Jasper,48241,Anna,False,Bender,REP,Republican,99,S,Texas,2026-03-04T08:00:07.478Z,4978,0,0.5,24
160846,Gulrez Khan,SR,Jasper,48241,Gulrez,False,Khan,REP,Republican,99,S,Texas,2026-03-04T08:00:07.478Z,4978,0,0.3,13
169981,John Adefope,SR,Jasper,48241,John,False,Adefope,REP,Republican,99,S,Texas,2026-03-04T08:00:07.478Z,4978,0,0.2,11
68154,Virgil Bierschwale,SR,Jasper,48241,Virgil,False,Bierschwale,REP,Republican,99,S,Texas,2026-03-04T08:00:07.478Z,4978,0,0.1,8
367,John Cornyn,SR,Jeff Davis,48243,John,True,Cornyn,REP,Republican,99,S,Texas,2026-03-04T06:42:55.071Z,538,40,39.8,214
58352,Ken Paxton,SR,Jeff Davis,48243,Ken,False,Paxton,REP,Republican,99,S,Texas,2026-03-04T06:42:55.071Z,538,38,38.5,207
68242,Wesley Hunt,SR,Jeff Davis,48243,Wesley,False,Hunt,REP,Republican,99,S,Texas,2026-03-04T06:42:55.071Z,538,11,11.1,60
169980,Anna Bender,SR,Jeff Davis,48243,Anna,False,Bender,REP,Republican,99,S,Texas,2026-03-04T06:42:55.071Z,538,4,3.9,21
69840,Sara Canady,SR,Jeff Davis,48243,Sara,False,Canady,REP,Republican,99,S,Texas,2026-03-04T06:42:55.071Z,538,3,3.2,17
160846,Gulrez Khan,SR,Jeff Davis,48243,Gulrez,False,Khan,REP,Republican,99,S,Texas,2026-03-04T06:42:55.071Z,538,1,1.5,8
68154,Virgil Bierschwale,SR,Jeff Davis,48243,Virgil,False,Bierschwale,REP,Republican,99,S,Texas,2026-03-04T06:42:55.071Z,538,1,1.3,7
169981,John Adefope,SR,Jeff Davis,48243,John,False,Adefope,REP,Republican,99,S,Texas,2026-03-04T06:42:55.071Z,538,1,0.7,4
367,John Cornyn,SR,Jefferson,48245,John,True,Cornyn,REP,Republican,99,S,Texas,2026-03-04T16:59:46.455Z,15655,50,49.7,7775
58352,Ken Paxton,SR,Jefferson,48245,Ken,False,Paxton,REP,Republican,99,S,Texas,2026-03-04T16:59:46.455Z,15655,37,37.1,5808
68242,Wesley Hunt,SR,Jefferson,48245,Wesley,False,Hunt,REP,Republican,99,S,Texas,2026-03-04T16:59:46.455Z,15655,11,11.2,1755
169980,Anna Bender,SR,Jefferson,48245,Anna,False,Bender,REP,Republican,99,S,Texas,2026-03-04T16:59:46.455Z,15655,1,0.8,118
69840,Sara Canady,SR,Jefferson,48245,Sara,False,Canady,REP,Republican,99,S,Texas,2026-03-04T16:59:46.455Z,15655,1,0.6,94
160846,Gulrez Khan,SR,Jefferson,48245,Gulrez,False,Khan,REP,Republican,99,S,Texas,2026-03-04T16:59:46.455Z,15655,0,0.3,48
68154,Virgil Bierschwale,SR,Jefferson,48245,Virgil,False,Bierschwale,REP,Republican,99,S,Texas,2026-03-04T16:59:46.455Z,15655,0,0.2,35
169981,John Adefope,SR,Jefferson,48245,John,False,Adefope,REP,Republican,99,S,Texas,2026-03-04T16:59:46.455Z,15655,0,0.1,22
367,John Cornyn,SR,Jim Hogg,48247,John,True,Cornyn,REP,Republican,99,S,Texas,2026-03-04T17:04:25.164Z,65,45,44.6,29
58352,Ken Paxton,SR,Jim Hogg,48247,Ken,False,Paxton,REP,Republican,99,S,Texas,2026-03-04T17:04:25.164Z,65,32,32.3,21
68242,Wesley Hunt,SR,Jim Hogg,48247,Wesley,False,Hunt,REP,Republican,99,S,Texas,2026-03-04T17:04:25.164Z,65,6,6.1,4
160846,Gulrez Khan,SR,Jim Hogg,48247,Gulrez,False,Khan,REP,Republican,99,S,Texas,2026-03-04T17:04:25.164Z,65,6,6.1,4
169980,Anna Bender,SR,Jim Hogg,48247,Anna,False,Bender,REP,Republican,99,S,Texas,2026-03-04T17:04:25.164Z,65,5,4.6,3
68154,Virgil Bierschwale,SR,Jim Hogg,48247,Virgil,False,Bierschwale,REP,Republican,99,S,Texas,2026-03-04T17:04:25.164Z,65,3,3.1,2
69840,Sara Canady,SR,Jim Hogg,48247,Sara,False,Canady,REP,Republican,99,S,Texas,2026-03-04T17:04:25.164Z,65,3,3.1,2
169981,John Adefope,SR,Jim Hogg,48247,John,False,Adefope,REP,Republican,99,S,Texas,2026-03-04T17:04:25.164Z,65,0,0.0,0
367,John Cornyn,SR,Jim Wells,48249,John,True,Cornyn,REP,Republican,99,S,Texas,2026-03-04T17:04:36.265Z,2252,44,44.3,999
58352,Ken Paxton,SR,Jim Wells,48249,Ken,False,Paxton,REP,Republican,99,S,Texas,2026-03-04T17:04:36.265Z,2252,39,39.3,885
68242,Wesley Hunt,SR,Jim Wells,48249,Wesley,False,Hunt,REP,Republican,99,S,Texas,2026-03-04T17:04:36.265Z,2252,10,10.0,225
169980,Anna Bender,SR,Jim Wells,48249,Anna,False,Bender,REP,Republican,99,S,Texas,2026-03-04T17:04:36.265Z,2252,2,1.9,42
69840,Sara Canady,SR,Jim Wells,48249,Sara,False,Canady,REP,Republican,99,S,Texas,2026-03-04T17:04:36.265Z,2252,2,1.7,38
160846,Gulrez Khan,SR,Jim Wells,48249,Gulrez,False,Khan,REP,Republican,99,S,Texas,2026-03-04T17:04:36.265Z,2252,2,1.7,38
169981,John Adefope,SR,Jim Wells,48249,John,False,Adefope,REP,Republican,99,S,Texas,2026-03-04T17:04:36.265Z,2252,1,0.6,14
68154,Virgil Bierschwale,SR,Jim Wells,48249,Virgil,False,Bierschwale,REP,Republican,99,S,Texas,2026-03-04T17:04:36.265Z,2252,0,0.5,11
367,John Cornyn,SR,Johnson,48251,John,True,Cornyn,REP,Republican,99,S,Texas,2026-03-04T08:09:47.774Z,20293,43,43.3,8793
58352,Ken Paxton,SR,Johnson,48251,Ken,False,Paxton,REP,Republican,99,S,Texas,2026-03-04T08:09:47.774Z,20293,39,38.5,7816
68242,Wesley Hunt,SR,Johnson,48251,Wesley,False,Hunt,REP,Republican,99,S,Texas,2026-03-04T08:09:47.774Z,20293,15,14.9,3030
69840,Sara Canady,SR,Johnson,48251,Sara,False,Canady,REP,Republican,99,S,Texas,2026-03-04T08:09:47.774Z,20293,1,1.3,260
169980,Anna Bender,SR,Johnson,48251,Anna,False,Bender,REP,Republican,99,S,Texas,2026-03-04T08:09:47.774Z,20293,1,0.9,192
160846,Gulrez Khan,SR,Johnson,48251,Gulrez,False,Khan,REP,Republican,99,S,Texas,2026-03-04T08:09:47.774Z,20293,0,0.4,90
169981,John Adefope,SR,Johnson,48251,John,False,Adefope,REP,Republican,99,S,Texas,2026-03-04T08:09:47.774Z,20293,0,0.3,66
68154,Virgil Bierschwale,SR,Johnson,48251,Virgil,False,Bierschwale,REP,Republican,99,S,Texas,2026-03-04T08:09:47.774Z,20293,0,0.2,46
367,John Cornyn,SR,Jones,48253,John,True,Cornyn,REP,Republican,99,S,Texas,2026-03-04T06:42:36.119Z,2763,45,45.3,1251
58352,Ken Paxton,SR,Jones,48253,Ken,False,Paxton,REP,Republican,99,S,Texas,2026-03-04T06:42:36.119Z,2763,38,37.9,1047
68242,Wesley Hunt,SR,Jones,48253,Wesley,False,Hunt,REP,Republican,99,S,Texas,2026-03-04T06:42:36.119Z,2763,12,12.0,331
69840,Sara Canady,SR,Jones,48253,Sara,False,Canady,REP,Republican,99,S,Texas,2026-03-04T06:42:36.119Z,2763,2,1.9,52
169980,Anna Bender,SR,Jones,48253,Anna,False,Bender,REP,Republican,99,S,Texas,2026-03-04T06:42:36.119Z,2763,1,1.2,35
160846,Gulrez Khan,SR,Jones,48253,Gulrez,False,Khan,REP,Republican,99,S,Texas,2026-03-04T06:42:36.119Z,2763,1,0.9,24
68154,Virgil Bierschwale,SR,Jones,48253,Virgil,False,Bierschwale,REP,Republican,99,S,Texas,2026-03-04T06:42:36.119Z,2763,1,0.6,16
169981,John Adefope,SR,Jones,48253,John,False,Adefope,REP,Republican,99,S,Texas,2026-03-04T06:42:36.119Z,2763,0,0.2,7
367,John Cornyn,SR,Karnes,48255,John,True,Cornyn,REP,Republican,99,S,Texas,2026-03-04T05:58:17.508Z,2305,43,42.7,985
58352,Ken Paxton,SR,Karnes,48255,Ken,False,Paxton,REP,Republican,99,S,Texas,2026-03-04T05:58:17.508Z,2305,39,38.7,893
68242,Wesley Hunt,SR,Karnes,48255,Wesley,False,Hunt,REP,Republican,99,S,Texas,2026-03-04T05:58:17.508Z,2305,11,11.1,257
69840,Sara Canady,SR,Karnes,48255,Sara,False,Canady,REP,Republican,99,S,Texas,2026-03-04T05:58:17.508Z,2305,3,3.1,72
169981,John Adefope,SR,Karnes,48255,John,False,Adefope,REP,Republican,99,S,Texas,2026-03-04T05:58:17.508Z,2305,1,1.6,37
169980,Anna Bender,SR,Karnes,48255,Anna,False,Bender,REP,Republican,99,S,Texas,2026-03-04T05:58:17.508Z,2305,1,1.0,22
160846,Gulrez Khan,SR,Karnes,48255,Gulrez,False,Khan,REP,Republican,99,S,Texas,2026-03-04T05:58:17.508Z,2305,1,1.0,22
68154,Virgil Bierschwale,SR,Karnes,48255,Virgil,False,Bierschwale,REP,Republican,99,S,Texas,2026-03-04T05:58:17.508Z,2305,1,0.7,17
58352,Ken Paxton,SR,Kaufman,48257,Ken,False,Paxton,REP,Republican,99,S,Texas,2026-03-04T17:34:57.098Z,14380,47,47.4,6819
367,John Cornyn,SR,Kaufman,48257,John,True,Cornyn,REP,Republican,99,S,Texas,2026-03-04T17:34:57.098Z,14380,36,36.2,5213
68242,Wesley Hunt,SR,Kaufman,48257,Wesley,False,Hunt,REP,Republican,99,S,Texas,2026-03-04T17:34:57.098Z,14380,14,13.6,1958
69840,Sara Canady,SR,Kaufman,48257,Sara,False,Canady,REP,Republican,99,S,Texas,2026-03-04T17:34:57.098Z,14380,1,1.0,140
169980,Anna Bender,SR,Kaufman,48257,Anna,False,Bender,REP,Republican,99,S,Texas,2026-03-04T17:34:57.098Z,14380,1,0.7,99
68154,Virgil Bierschwale,SR,Kaufman,48257,Virgil,False,Bierschwale,REP,Republican,99,S,Texas,2026-03-04T17:34:57.098Z,14380,0,0.5,71
169981,John Adefope,SR,Kaufman,48257,John,False,Adefope,REP,Republican,99,S,Texas,2026-03-04T17:34:57.098Z,14380,0,0.3,40
160846,Gulrez Khan,SR,Kaufman,48257,Gulrez,False,Khan,REP,Republican,99,S,Texas,2026-03-04T17:34:57.098Z,14380,0,0.3,40
58352,Ken Paxton,SR,Kendall,48259,Ken,False,Paxton,REP,Republican,99,S,Texas,2026-03-04T04:29:26.298Z,10327,43,42.7,4412
367,John Cornyn,SR,Kendall,48259,John,True,Cornyn,REP,Republican,99,S,Texas,2026-03-04T04:29:26.298Z,10327,41,40.5,4183
68242,Wesley Hunt,SR,Kendall,48259,Wesley,False,Hunt,REP,Republican,99,S,Texas,2026-03-04T04:29:26.298Z,10327,14,13.9,1438
69840,Sara Canady,SR,Kendall,48259,Sara,False,Canady,REP,Republican,99,S,Texas,2026-03-04T04:29:26.298Z,10327,1,1.0,101
169980,Anna Bender,SR,Kendall,48259,Anna,False,Bender,REP,Republican,99,S,Texas,2026-03-04T04:29:26.298Z,10327,1,0.8,79
160846,Gulrez Khan,SR,Kendall,48259,Gulrez,False,Khan,REP,Republican,99,S,Texas,2026-03-04T04:29:26.298Z,10327,0,0.5,52
68154,Virgil Bierschwale,SR,Kendall,48259,Virgil,False,Bierschwale,REP,Republican,99,S,Texas,2026-03-04T04:29:26.298Z,10327,0,0.4,46
169981,John Adefope,SR,Kendall,48259,John,False,Adefope,REP,Republican,99,S,Texas,2026-03-04T04:29:26.298Z,10327,0,0.2,16
367,John Cornyn,SR,Kenedy,48261,John,True,Cornyn,REP,Republican,99,S,Texas,2026-03-04T05:57:53.065Z,13,54,53.8,7
68242,Wesley Hunt,SR,Kenedy,48261,Wesley,False,Hunt,REP,Republican,99,S,Texas,2026-03-04T05:57:53.065Z,13,23,23.1,3
169981,John Adefope,SR,Kenedy,48261,John,False,Adefope,REP,Republican,99,S,Texas,2026-03-04T05:57:53.065Z,13,7,7.7,1
160846,Gulrez Khan,SR,Kenedy,48261,Gulrez,False,Khan,REP,Republican,99,S,Texas,2026-03-04T05:57:53.065Z,13,7,7.7,1
58352,Ken Paxton,SR,Kenedy,48261,Ken,False,Paxton,REP,Republican,99,S,Texas,2026-03-04T05:57:53.065Z,13,7,7.7,1
169980,Anna Bender,SR,Kenedy,48261,Anna,False,Bender,REP,Republican,99,S,Texas,2026-03-04T05:57:53.065Z,13,0,0.0,0
68154,Virgil Bierschwale,SR,Kenedy,48261,Virgil,False,Bierschwale,REP,Republican,99,S,Texas,2026-03-04T05:57:53.065Z,13,0,0.0,0
69840,Sara Canady,SR,Kenedy,48261,Sara,False,Canady,REP,Republican,99,S,Texas,2026-03-04T05:57:53.065Z,13,0,0.0,0
367,John Cornyn,SR,Kent,48263,John,True,Cornyn,REP,Republican,95,S,Texas,2026-03-04T08:56:08.959Z,158,46,46.2,73
58352,Ken Paxton,SR,Kent,48263,Ken,False,Paxton,REP,Republican,95,S,Texas,2026-03-04T08:56:08.959Z,158,41,40.5,64
68242,Wesley Hunt,SR,Kent,48263,Wesley,False,Hunt,REP,Republican,95,S,Texas,2026-03-04T08:56:08.959Z,158,11,11.4,18
169980,Anna Bender,SR,Kent,48263,Anna,False,Bender,REP,Republican,95,S,Texas,2026-03-04T08:56:08.959Z,158,1,1.3,2
160846,Gulrez Khan,SR,Kent,48263,Gulrez,False,Khan,REP,Republican,95,S,Texas,2026-03-04T08:56:08.959Z,158,1,0.6,1
169981,John Adefope,SR,Kent,48263,John,False,Adefope,REP,Republican,95,S,Texas,2026-03-04T08:56:08.959Z,158,0,0.0,0
68154,Virgil Bierschwale,SR,Kent,48263,Virgil,False,Bierschwale,REP,Republican,95,S,Texas,2026-03-04T08:56:08.959Z,158,0,0.0,0
69840,Sara Canady,SR,Kent,48263,Sara,False,Canady,REP,Republican,95,S,Texas,2026-03-04T08:56:08.959Z,158,0,0.0,0
58352,Ken Paxton,SR,Kerr,48265,Ken,False,Paxton,REP,Republican,99,S,Texas,2026-03-04T14:16:49.776Z,10689,52,52.2,5585
367,John Cornyn,SR,Kerr,48265,John,True,Cornyn,REP,Republican,99,S,Texas,2026-03-04T14:16:49.776Z,10689,36,35.7,3819
68242,Wesley Hunt,SR,Kerr,48265,Wesley,False,Hunt,REP,Republican,99,S,Texas,2026-03-04T14:16:49.776Z,10689,9,8.7,935
169980,Anna Bender,SR,Kerr,48265,Anna,False,Bender,REP,Republican,99,S,Texas,2026-03-04T14:16:49.776Z,10689,1,1.0,107
69840,Sara Canady,SR,Kerr,48265,Sara,False,Canady,REP,Republican,99,S,Texas,2026-03-04T14:16:49.776Z,10689,1,1.0,102
68154,Virgil Bierschwale,SR,Kerr,48265,Virgil,False,Bierschwale,REP,Republican,99,S,Texas,2026-03-04T14:16:49.776Z,10689,1,0.7,70
160846,Gulrez Khan,SR,Kerr,48265,Gulrez,False,Khan,REP,Republican,99,S,Texas,2026-03-04T14:16:49.776Z,10689,0,0.5,54
169981,John Adefope,SR,Kerr,48265,John,False,Adefope,REP,Republican,99,S,Texas,2026-03-04T14:16:49.776Z,10689,0,0.2,17
367,John Cornyn,SR,Kimble,48267,John,True,Cornyn,REP,Republican,99,S,Texas,2026-03-04T06:05:36.458Z,920,45,44.9,413
58352,Ken Paxton,SR,Kimble,48267,Ken,False,Paxton,REP,Republican,99,S,Texas,2026-03-04T06:05:36.458Z,920,37,37.1,341
68242,Wesley Hunt,SR,Kimble,48267,Wesley,False,Hunt,REP,Republican,99,S,Texas,2026-03-04T06:05:36.458Z,920,12,11.8,109
68154,Virgil Bierschwale,SR,Kimble,48267,Virgil,False,Bierschwale,REP,Republican,99,S,Texas,2026-03-04T06:05:36.458Z,920,4,4.0,37
69840,Sara Canady,SR,Kimble,48267,Sara,False,Canady,REP,Republican,99,S,Texas,2026-03-04T06:05:36.458Z,920,1,1.1,10
169980,Anna Bender,SR,Kimble,48267,Anna,False,Bender,REP,Republican,99,S,Texas,2026-03-04T06:05:36.458Z,920,1,0.5,5
169981,John Adefope,SR,Kimble,48267,John,False,Adefope,REP,Republican,99,S,Texas,2026-03-04T06:05:36.458Z,920,0,0.4,4
160846,Gulrez Khan,SR,Kimble,48267,Gulrez,False,Khan,REP,Republican,99,S,Texas,2026-03-04T06:05:36.458Z,920,0,0.1,1
58352,Ken Paxton,SR,King,48269,Ken,False,Paxton,REP,Republican,92,S,Texas,2026-03-04T07:58:48.529Z,97,43,43.3,42
367,John Cornyn,SR,King,48269,John,True,Cornyn,REP,Republican,92,S,Texas,2026-03-04T07:58:48.529Z,97,42,42.3,41
68242,Wesley Hunt,SR,King,48269,Wesley,False,Hunt,REP,Republican,92,S,Texas,2026-03-04T07:58:48.529Z,97,10,10.3,10
169980,Anna Bender,SR,King,48269,Anna,False,Bender,REP,Republican,92,S,Texas,2026-03-04T07:58:48.529Z,97,2,2.1,2
68154,Virgil Bierschwale,SR,King,48269,Virgil,False,Bierschwale,REP,Republican,92,S,Texas,2026-03-04T07:58:48.529Z,97,1,1.0,1
69840,Sara Canady,SR,King,48269,Sara,False,Canady,REP,Republican,92,S,Texas,2026-03-04T07:58:48.529Z,97,1,1.0,1
169981,John Adefope,SR,King,48269,John,False,Adefope,REP,Republican,92,S,Texas,2026-03-04T07:58:48.529Z,97,0,0.0,0
160846,Gulrez Khan,SR,King,48269,Gulrez,False,Khan,REP,Republican,92,S,Texas,2026-03-04T07:58:48.529Z,97,0,0.0,0
58352,Ken Paxton,SR,Kinney,48271,Ken,False,Paxton,REP,Republican,99,S,Texas,2026-03-04T16:13:18.308Z,567,49,49.0,278
367,John Cornyn,SR,Kinney,48271,John,True,Cornyn,REP,Republican,99,S,Texas,2026-03-04T16:13:18.308Z,567,36,36.3,206
68242,Wesley Hunt,SR,Kinney,48271,Wesley,False,Hunt,REP,Republican,99,S,Texas,2026-03-04T16:13:18.308Z,567,12,11.6,66
69840,Sara Canady,SR,Kinney,48271,Sara,False,Canady,REP,Republican,99,S,Texas,2026-03-04T16:13:18.308Z,567,1,0.9,5
169980,Anna Bender,SR,Kinney,48271,Anna,False,Bender,REP,Republican,99,S,Texas,2026-03-04T16:13:18.308Z,567,1,0.7,4
68154,Virgil Bierschwale,SR,Kinney,48271,Virgil,False,Bierschwale,REP,Republican,99,S,Texas,2026-03-04T16:13:18.308Z,567,0,0.5,3
160846,Gulrez Khan,SR,Kinney,48271,Gulrez,False,Khan,REP,Republican,99,S,Texas,2026-03-04T16:13:18.308Z,567,0,0.5,3
169981,John Adefope,SR,Kinney,48271,John,False,Adefope,REP,Republican,99,S,Texas,2026-03-04T16:13:18.308Z,567,0,0.4,2
367,John Cornyn,SR,Kleberg,48273,John,True,Cornyn,REP,Republican,99,S,Texas,2026-03-04T16:14:53.320Z,1987,50,50.2,997
58352,Ken Paxton,SR,Kleberg,48273,Ken,False,Paxton,REP,Republican,99,S,Texas,2026-03-04T16:14:53.320Z,1987,32,32.5,645
68242,Wesley Hunt,SR,Kleberg,48273,Wesley,False,Hunt,REP,Republican,99,S,Texas,2026-03-04T16:14:53.320Z,1987,11,11.0,219
69840,Sara Canady,SR,Kleberg,48273,Sara,False,Canady,REP,Republican,99,S,Texas,2026-03-04T16:14:53.320Z,1987,3,3.0,59
169980,Anna Bender,SR,Kleberg,48273,Anna,False,Bender,REP,Republican,99,S,Texas,2026-03-04T16:14:53.320Z,1987,1,1.3,26
160846,Gulrez Khan,SR,Kleberg,48273,Gulrez,False,Khan,REP,Republican,99,S,Texas,2026-03-04T16:14:53.320Z,1987,1,0.8,16
169981,John Adefope,SR,Kleberg,48273,John,False,Adefope,REP,Republican,99,S,Texas,2026-03-04T16:14:53.320Z,1987,1,0.6,13
68154,Virgil Bierschwale,SR,Kleberg,48273,Virgil,False,Bierschwale,REP,Republican,99,S,Texas,2026-03-04T16:14:53.320Z,1987,1,0.6,12
367,John Cornyn,SR,Knox,48275,John,True,Cornyn,REP,Republican,99,S,Texas,2026-03-04T09:20:19.470Z,529,49,49.3,261
58352,Ken Paxton,SR,Knox,48275,Ken,False,Paxton,REP,Republican,99,S,Texas,2026-03-04T09:20:19.470Z,529,38,38.2,202
68242,Wesley Hunt,SR,Knox,48275,Wesley,False,Hunt,REP,Republican,99,S,Texas,2026-03-04T09:20:19.470Z,529,7,6.6,35
69840,Sara Canady,SR,Knox,48275,Sara,False,Canady,REP,Republican,99,S,Texas,2026-03-04T09:20:19.470Z,529,3,2.6,14
169980,Anna Bender,SR,Knox,48275,Anna,False,Bender,REP,Republican,99,S,Texas,2026-03-04T09:20:19.470Z,529,2,1.7,9
160846,Gulrez Khan,SR,Knox,48275,Gulrez,False,Khan,REP,Republican,99,S,Texas,2026-03-04T09:20:19.470Z,529,1,1.1,6
169981,John Adefope,SR,Knox,48275,John,False,Adefope,REP,Republican,99,S,Texas,2026-03-04T09:20:19.470Z,529,0,0.2,1
68154,Virgil Bierschwale,SR,Knox,48275,Virgil,False,Bierschwale,REP,Republican,99,S,Texas,2026-03-04T09:20:19.470Z,529,0,0.2,1
367,John Cornyn,SR,La Salle,48283,John,True,Cornyn,REP,Republican,99,S,Texas,2026-03-04T09:21:59.949Z,159,43,43.4,69
58352,Ken Paxton,SR,La Salle,48283,Ken,False,Paxton,REP,Republican,99,S,Texas,2026-03-04T09:21:59.949Z,159,38,37.7,60
68242,Wesley Hunt,SR,La Salle,48283,Wesley,False,Hunt,REP,Republican,99,S,Texas,2026-03-04T09:21:59.949Z,159,13,12.6,20
69840,Sara Canady,SR,La Salle,48283,Sara,False,Canady,REP,Republican,99,S,Texas,2026-03-04T09:21:59.949Z,159,2,2.5,4
160846,Gulrez Khan,SR,La Salle,48283,Gulrez,False,Khan,REP,Republican,99,S,Texas,2026-03-04T09:21:59.949Z,159,2,1.9,3
169980,Anna Bender,SR,La Salle,48283,Anna,False,Bender,REP,Republican,99,S,Texas,2026-03-04T09:21:59.949Z,159,1,1.3,2
169981,John Adefope,SR,La Salle,48283,John,False,Adefope,REP,Republican,99,S,Texas,2026-03-04T09:21:59.949Z,159,1,0.6,1
68154,Virgil Bierschwale,SR,La Salle,48283,Virgil,False,Bierschwale,REP,Republican,99,S,Texas,2026-03-04T09:21:59.949Z,159,0,0.0,0
58352,Ken Paxton,SR,La Vaca,48285,Ken,False,Paxton,REP,Republican,99,S,Texas,2026-03-04T06:26:54.647Z,3671,50,50.2,1842
367,John Cornyn,SR,La Vaca,48285,John,True,Cornyn,REP,Republican,99,S,Texas,2026-03-04T06:26:54.647Z,3671,38,38.1,1398
68242,Wesley Hunt,SR,La Vaca,48285,Wesley,False,Hunt,REP,Republican,99,S,Texas,2026-03-04T06:26:54.647Z,3671,9,9.0,329
68154,Virgil Bierschwale,SR,La Vaca,48285,Virgil,False,Bierschwale,REP,Republican,99,S,Texas,2026-03-04T06:26:54.647Z,3671,1,0.8,31
69840,Sara Canady,SR,La Vaca,48285,Sara,False,Canady,REP,Republican,99,S,Texas,2026-03-04T06:26:54.647Z,3671,1,0.7,25
169980,Anna Bender,SR,La Vaca,48285,Anna,False,Bender,REP,Republican,99,S,Texas,2026-03-04T06:26:54.647Z,3671,1,0.6,22
160846,Gulrez Khan,SR,La Vaca,48285,Gulrez,False,Khan,REP,Republican,99,S,Texas,2026-03-04T06:26:54.647Z,3671,0,0.5,20
169981,John Adefope,SR,La Vaca,48285,John,False,Adefope,REP,Republican,99,S,Texas,2026-03-04T06:26:54.647Z,3671,0,0.1,4
58352,Ken Paxton,SR,Lamar,48277,Ken,False,Paxton,REP,Republican,99,S,Texas,2026-03-04T04:14:56.400Z,7926,45,44.5,3529
367,John Cornyn,SR,Lamar,48277,John,True,Cornyn,REP,Republican,99,S,Texas,2026-03-04T04:14:56.400Z,7926,36,36.3,2878
68242,Wesley Hunt,SR,Lamar,48277,Wesley,False,Hunt,REP,Republican,99,S,Texas,2026-03-04T04:14:56.400Z,7926,15,15.5,1225
69840,Sara Canady,SR,Lamar,48277,Sara,False,Canady,REP,Republican,99,S,Texas,2026-03-04T04:14:56.400Z,7926,2,1.5,122
169980,Anna Bender,SR,Lamar,48277,Anna,False,Bender,REP,Republican,99,S,Texas,2026-03-04T04:14:56.400Z,7926,1,1.4,112
169981,John Adefope,SR,Lamar,48277,John,False,Adefope,REP,Republican,99,S,Texas,2026-03-04T04:14:56.400Z,7926,0,0.3,24
160846,Gulrez Khan,SR,Lamar,48277,Gulrez,False,Khan,REP,Republican,99,S,Texas,2026-03-04T04:14:56.400Z,7926,0,0.3,23
68154,Virgil Bierschwale,SR,Lamar,48277,Virgil,False,Bierschwale,REP,Republican,99,S,Texas,2026-03-04T04:14:56.400Z,7926,0,0.2,13
367,John Cornyn,SR,Lamb,48279,John,True,Cornyn,REP,Republican,99,S,Texas,2026-03-04T17:08:36.505Z,1454,46,46.4,674
58352,Ken Paxton,SR,Lamb,48279,Ken,False,Paxton,REP,Republican,99,S,Texas,2026-03-04T17:08:36.505Z,1454,40,40.0,582
68242,Wesley Hunt,SR,Lamb,48279,Wesley,False,Hunt,REP,Republican,99,S,Texas,2026-03-04T17:08:36.505Z,1454,9,9.0,131
69840,Sara Canady,SR,Lamb,48279,Sara,False,Canady,REP,Republican,99,S,Texas,2026-03-04T17:08:36.505Z,1454,2,1.9,27
169980,Anna Bender,SR,Lamb,48279,Anna,False,Bender,REP,Republican,99,S,Texas,2026-03-04T17:08:36.505Z,1454,1,1.4,20
68154,Virgil Bierschwale,SR,Lamb,48279,Virgil,False,Bierschwale,REP,Republican,99,S,Texas,2026-03-04T17:08:36.505Z,1454,1,0.6,9
160846,Gulrez Khan,SR,Lamb,48279,Gulrez,False,Khan,REP,Republican,99,S,Texas,2026-03-04T17:08:36.505Z,1454,0,0.4,6
169981,John Adefope,SR,Lamb,48279,John,False,Adefope,REP,Republican,99,S,Texas,2026-03-04T17:08:36.505Z,1454,0,0.3,5
58352,Ken Paxton,SR,Lampasas,48281,Ken,False,Paxton,REP,Republican,99,S,Texas,2026-03-04T06:39:55.717Z,4247,46,45.9,1949
367,John Cornyn,SR,Lampasas,48281,John,True,Cornyn,REP,Republican,99,S,Texas,2026-03-04T06:39:55.717Z,4247,35,34.9,1483
68242,Wesley Hunt,SR,Lampasas,48281,Wesley,False,Hunt,REP,Republican,99,S,Texas,2026-03-04T06:39:55.717Z,4247,14,14.4,613
169980,Anna Bender,SR,Lampasas,48281,Anna,False,Bender,REP,Republican,99,S,Texas,2026-03-04T06:39:55.717Z,4247,2,1.6,70
69840,Sara Canady,SR,Lampasas,48281,Sara,False,Canady,REP,Republican,99,S,Texas,2026-03-04T06:39:55.717Z,4247,1,1.5,64
68154,Virgil Bierschwale,SR,Lampasas,48281,Virgil,False,Bierschwale,REP,Republican,99,S,Texas,2026-03-04T06:39:55.717Z,4247,1,0.8,36
160846,Gulrez Khan,SR,Lampasas,48281,Gulrez,False,Khan,REP,Republican,99,S,Texas,2026-03-04T06:39:55.717Z,4247,1,0.5,23
169981,John Adefope,SR,Lampasas,48281,John,False,Adefope,REP,Republican,99,S,Texas,2026-03-04T06:39:55.717Z,4247,0,0.2,9
367,John Cornyn,SR,Lee,48287,John,True,Cornyn,REP,Republican,99,S,Texas,2026-03-04T06:00:22.849Z,2758,50,50.3,1388
58352,Ken Paxton,SR,Lee,48287,Ken,False,Paxton,REP,Republican,99,S,Texas,2026-03-04T06:00:22.849Z,2758,35,35.4,976
68242,Wesley Hunt,SR,Lee,48287,Wesley,False,Hunt,REP,Republican,99,S,Texas,2026-03-04T06:00:22.849Z,2758,11,10.6,291
69840,Sara Canady,SR,Lee,48287,Sara,False,Canady,REP,Republican,99,S,Texas,2026-03-04T06:00:22.849Z,2758,1,1.5,41
68154,Virgil Bierschwale,SR,Lee,48287,Virgil,False,Bierschwale,REP,Republican,99,S,Texas,2026-03-04T06:00:22.849Z,2758,1,0.9,25
169980,Anna Bender,SR,Lee,48287,Anna,False,Bender,REP,Republican,99,S,Texas,2026-03-04T06:00:22.849Z,2758,1,0.8,22
160846,Gulrez Khan,SR,Lee,48287,Gulrez,False,Khan,REP,Republican,99,S,Texas,2026-03-04T06:00:22.849Z,2758,0,0.4,12
169981,John Adefope,SR,Lee,48287,John,False,Adefope,REP,Republican,99,S,Texas,2026-03-04T06:00:22.849Z,2758,0,0.1,3
58352,Ken Paxton,SR,Leon,48289,Ken,False,Paxton,REP,Republican,99,S,Texas,2026-03-04T08:56:23.840Z,3766,52,51.6,1942
367,John Cornyn,SR,Leon,48289,John,True,Cornyn,REP,Republican,99,S,Texas,2026-03-04T08:56:23.840Z,3766,36,35.7,1346
68242,Wesley Hunt,SR,Leon,48289,Wesley,False,Hunt,REP,Republican,99,S,Texas,2026-03-04T08:56:23.840Z,3766,10,10.1,381
69840,Sara Canady,SR,Leon,48289,Sara,False,Canady,REP,Republican,99,S,Texas,2026-03-04T08:56:23.840Z,3766,1,1.2,45
169980,Anna Bender,SR,Leon,48289,Anna,False,Bender,REP,Republican,99,S,Texas,2026-03-04T08:56:23.840Z,3766,1,0.6,24
160846,Gulrez Khan,SR,Leon,48289,Gulrez,False,Khan,REP,Republican,99,S,Texas,2026-03-04T08:56:23.840Z,3766,0,0.4,15
68154,Virgil Bierschwale,SR,Leon,48289,Virgil,False,Bierschwale,REP,Republican,99,S,Texas,2026-03-04T08:56:23.840Z,3766,0,0.2,8
169981,John Adefope,SR,Leon,48289,John,False,Adefope,REP,Republican,99,S,Texas,2026-03-04T08:56:23.840Z,3766,0,0.1,5
58352,Ken Paxton,SR,Liberty,48291,Ken,False,Paxton,REP,Republican,99,S,Texas,2026-03-04T08:42:49.317Z,10038,54,53.8,5398
367,John Cornyn,SR,Liberty,48291,John,True,Cornyn,REP,Republican,99,S,Texas,2026-03-04T08:42:49.317Z,10038,27,26.7,2680
68242,Wesley Hunt,SR,Liberty,48291,Wesley,False,Hunt,REP,Republican,99,S,Texas,2026-03-04T08:42:49.317Z,10038,16,16.0,1604
69840,Sara Canady,SR,Liberty,48291,Sara,False,Canady,REP,Republican,99,S,Texas,2026-03-04T08:42:49.317Z,10038,1,1.2,125
169980,Anna Bender,SR,Liberty,48291,Anna,False,Bender,REP,Republican,99,S,Texas,2026-03-04T08:42:49.317Z,10038,1,1.1,109
68154,Virgil Bierschwale,SR,Liberty,48291,Virgil,False,Bierschwale,REP,Republican,99,S,Texas,2026-03-04T08:42:49.317Z,10038,1,0.5,54
160846,Gulrez Khan,SR,Liberty,48291,Gulrez,False,Khan,REP,Republican,99,S,Texas,2026-03-04T08:42:49.317Z,10038,0,0.4,44
169981,John Adefope,SR,Liberty,48291,John,False,Adefope,REP,Republican,99,S,Texas,2026-03-04T08:42:49.317Z,10038,0,0.2,24
367,John Cornyn,SR,Limestone,48293,John,True,Cornyn,REP,Republican,99,S,Texas,2026-03-04T16:15:52.848Z,3460,45,45.0,1559
58352,Ken Paxton,SR,Limestone,48293,Ken,False,Paxton,REP,Republican,99,S,Texas,2026-03-04T16:15:52.848Z,3460,40,40.2,1392
68242,Wesley Hunt,SR,Limestone,48293,Wesley,False,Hunt,REP,Republican,99,S,Texas,2026-03-04T16:15:52.848Z,3460,11,11.5,397
169980,Anna Bender,SR,Limestone,48293,Anna,False,Bender,REP,Republican,99,S,Texas,2026-03-04T16:15:52.848Z,3460,1,1.1,38
69840,Sara Canady,SR,Limestone,48293,Sara,False,Canady,REP,Republican,99,S,Texas,2026-03-04T16:15:52.848Z,3460,1,1.1,37
68154,Virgil Bierschwale,SR,Limestone,48293,Virgil,False,Bierschwale,REP,Republican,99,S,Texas,2026-03-04T16:15:52.848Z,3460,1,0.6,20
160846,Gulrez Khan,SR,Limestone,48293,Gulrez,False,Khan,REP,Republican,99,S,Texas,2026-03-04T16:15:52.848Z,3460,0,0.3,10
169981,John Adefope,SR,Limestone,48293,John,False,Adefope,REP,Republican,99,S,Texas,2026-03-04T16:15:52.848Z,3460,0,0.2,7
367,John Cornyn,SR,Lipscomb,48295,John,True,Cornyn,REP,Republican,99,S,Texas,2026-03-04T06:01:22.439Z,631,50,50.2,317
58352,Ken Paxton,SR,Lipscomb,48295,Ken,False,Paxton,REP,Republican,99,S,Texas,2026-03-04T06:01:22.439Z,631,40,40.3,254
68242,Wesley Hunt,SR,Lipscomb,48295,Wesley,False,Hunt,REP,Republican,99,S,Texas,2026-03-04T06:01:22.439Z,631,6,6.0,38
69840,Sara Canady,SR,Lipscomb,48295,Sara,False,Canady,REP,Republican,99,S,Texas,2026-03-04T06:01:22.439Z,631,1,1.1,7
169980,Anna Bender,SR,Lipscomb,48295,Anna,False,Bender,REP,Republican,99,S,Texas,2026-03-04T06:01:22.439Z,631,1,1.0,6
68154,Virgil Bierschwale,SR,Lipscomb,48295,Virgil,False,Bierschwale,REP,Republican,99,S,Texas,2026-03-04T06:01:22.439Z,631,1,0.8,5
169981,John Adefope,SR,Lipscomb,48295,John,False,Adefope,REP,Republican,99,S,Texas,2026-03-04T06:01:22.439Z,631,0,0.3,2
160846,Gulrez Khan,SR,Lipscomb,48295,Gulrez,False,Khan,REP,Republican,99,S,Texas,2026-03-04T06:01:22.439Z,631,0,0.3,2
58352,Ken Paxton,SR,Live Oak,48297,Ken,False,Paxton,REP,Republican,99,S,Texas,2026-03-04T17:29:34.215Z,1574,43,43.1,679
367,John Cornyn,SR,Live Oak,48297,John,True,Cornyn,REP,Republican,99,S,Texas,2026-03-04T17:29:34.215Z,1574,43,42.8,673
68242,Wesley Hunt,SR,Live Oak,48297,Wesley,False,Hunt,REP,Republican,99,S,Texas,2026-03-04T17:29:34.215Z,1574,12,12.1,191
69840,Sara Canady,SR,Live Oak,48297,Sara,False,Canady,REP,Republican,99,S,Texas,2026-03-04T17:29:34.215Z,1574,1,0.8,12
169980,Anna Bender,SR,Live Oak,48297,Anna,False,Bender,REP,Republican,99,S,Texas,2026-03-04T17:29:34.215Z,1574,1,0.5,8
160846,Gulrez Khan,SR,Live Oak,48297,Gulrez,False,Khan,REP,Republican,99,S,Texas,2026-03-04T17:29:34.215Z,1574,0,0.3,5
169981,John Adefope,SR,Live Oak,48297,John,False,Adefope,REP,Republican,99,S,Texas,2026-03-04T17:29:34.215Z,1574,0,0.2,3
68154,Virgil Bierschwale,SR,Live Oak,48297,Virgil,False,Bierschwale,REP,Republican,99,S,Texas,2026-03-04T17:29:34.215Z,1574,0,0.2,3
367,John Cornyn,SR,Llano,48299,John,True,Cornyn,REP,Republican,99,S,Texas,2026-03-04T16:15:52.848Z,5887,49,48.9,2878
58352,Ken Paxton,SR,Llano,48299,Ken,False,Paxton,REP,Republican,99,S,Texas,2026-03-04T16:15:52.848Z,5887,39,38.8,2285
68242,Wesley Hunt,SR,Llano,48299,Wesley,False,Hunt,REP,Republican,99,S,Texas,2026-03-04T16:15:52.848Z,5887,10,9.7,570
169980,Anna Bender,SR,Llano,48299,Anna,False,Bender,REP,Republican,99,S,Texas,2026-03-04T16:15:52.848Z,5887,1,0.9,56
69840,Sara Canady,SR,Llano,48299,Sara,False,Canady,REP,Republican,99,S,Texas,2026-03-04T16:15:52.848Z,5887,1,0.6,38
68154,Virgil Bierschwale,SR,Llano,48299,Virgil,False,Bierschwale,REP,Republican,99,S,Texas,2026-03-04T16:15:52.848Z,5887,0,0.5,29
160846,Gulrez Khan,SR,Llano,48299,Gulrez,False,Khan,REP,Republican,99,S,Texas,2026-03-04T16:15:52.848Z,5887,0,0.4,22
169981,John Adefope,SR,Llano,48299,John,False,Adefope,REP,Republican,99,S,Texas,2026-03-04T16:15:52.848Z,5887,0,0.2,9
367,John Cornyn,SR,Loving,48301,John,True,Cornyn,REP,Republican,99,S,Texas,2026-03-04T16:54:40.935Z,27,37,37.0,10
68154,Virgil Bierschwale,SR,Loving,48301,Virgil,False,Bierschwale,REP,Republican,99,S,Texas,2026-03-04T16:54:40.935Z,27,33,33.3,9
58352,Ken Paxton,SR,Loving,48301,Ken,False,Paxton,REP,Republican,99,S,Texas,2026-03-04T16:54:40.935Z,27,22,22.2,6
68242,Wesley Hunt,SR,Loving,48301,Wesley,False,Hunt,REP,Republican,99,S,Texas,2026-03-04T16:54:40.935Z,27,7,7.4,2
169981,John Adefope,SR,Loving,48301,John,False,Adefope,REP,Republican,99,S,Texas,2026-03-04T16:54:40.935Z,27,0,0.0,0
169980,Anna Bender,SR,Loving,48301,Anna,False,Bender,REP,Republican,99,S,Texas,2026-03-04T16:54:40.935Z,27,0,0.0,0
69840,Sara Canady,SR,Loving,48301,Sara,False,Canady,REP,Republican,99,S,Texas,2026-03-04T16:54:40.935Z,27,0,0.0,0
160846,Gulrez Khan,SR,Loving,48301,Gulrez,False,Khan,REP,Republican,99,S,Texas,2026-03-04T16:54:40.935Z,27,0,0.0,0
367,John Cornyn,SR,Lubbock,48303,John,True,Cornyn,REP,Republican,99,S,Texas,2026-03-04T17:37:09.188Z,29818,45,44.9,13400
58352,Ken Paxton,SR,Lubbock,48303,Ken,False,Paxton,REP,Republican,99,S,Texas,2026-03-04T17:37:09.188Z,29818,39,38.6,11513
68242,Wesley Hunt,SR,Lubbock,48303,Wesley,False,Hunt,REP,Republican,99,S,Texas,2026-03-04T17:37:09.188Z,29818,12,12.2,3626
69840,Sara Canady,SR,Lubbock,48303,Sara,False,Canady,REP,Republican,99,S,Texas,2026-03-04T17:37:09.188Z,29818,1,1.1,339
160846,Gulrez Khan,SR,Lubbock,48303,Gulrez,False,Khan,REP,Republican,99,S,Texas,2026-03-04T17:37:09.188Z,29818,1,1.1,323
169980,Anna Bender,SR,Lubbock,48303,Anna,False,Bender,REP,Republican,99,S,Texas,2026-03-04T17:37:09.188Z,29818,1,1.0,300
169981,John Adefope,SR,Lubbock,48303,John,False,Adefope,REP,Republican,99,S,Texas,2026-03-04T17:37:09.188Z,29818,1,0.8,235
68154,Virgil Bierschwale,SR,Lubbock,48303,Virgil,False,Bierschwale,REP,Republican,99,S,Texas,2026-03-04T17:37:09.188Z,29818,0,0.3,82
367,John Cornyn,SR,Lynn,48305,John,True,Cornyn,REP,Republican,99,S,Texas,2026-03-04T07:53:39.561Z,783,44,44.3,347
58352,Ken Paxton,SR,Lynn,48305,Ken,False,Paxton,REP,Republican,99,S,Texas,2026-03-04T07:53:39.561Z,783,43,42.8,335
68242,Wesley Hunt,SR,Lynn,48305,Wesley,False,Hunt,REP,Republican,99,S,Texas,2026-03-04T07:53:39.561Z,783,10,10.1,79
69840,Sara Canady,SR,Lynn,48305,Sara,False,Canady,REP,Republican,99,S,Texas,2026-03-04T07:53:39.561Z,783,1,1.0,8
169980,Anna Bender,SR,Lynn,48305,Anna,False,Bender,REP,Republican,99,S,Texas,2026-03-04T07:53:39.561Z,783,1,0.8,6
160846,Gulrez Khan,SR,Lynn,48305,Gulrez,False,Khan,REP,Republican,99,S,Texas,2026-03-04T07:53:39.561Z,783,1,0.6,5
68154,Virgil Bierschwale,SR,Lynn,48305,Virgil,False,Bierschwale,REP,Republican,99,S,Texas,2026-03-04T07:53:39.561Z,783,0,0.3,2
169981,John Adefope,SR,Lynn,48305,John,False,Adefope,REP,Republican,99,S,Texas,2026-03-04T07:53:39.561Z,783,0,0.1,1
58352,Ken Paxton,SR,Madison,48313,Ken,False,Paxton,REP,Republican,99,S,Texas,2026-03-04T06:44:37.492Z,1821,47,47.1,857
367,John Cornyn,SR,Madison,48313,John,True,Cornyn,REP,Republican,99,S,Texas,2026-03-04T06:44:37.492Z,1821,38,37.6,685
68242,Wesley Hunt,SR,Madison,48313,Wesley,False,Hunt,REP,Republican,99,S,Texas,2026-03-04T06:44:37.492Z,1821,12,12.2,223
169980,Anna Bender,SR,Madison,48313,Anna,False,Bender,REP,Republican,99,S,Texas,2026-03-04T06:44:37.492Z,1821,1,1.4,25
69840,Sara Canady,SR,Madison,48313,Sara,False,Canady,REP,Republican,99,S,Texas,2026-03-04T06:44:37.492Z,1821,1,1.0,19
160846,Gulrez Khan,SR,Madison,48313,Gulrez,False,Khan,REP,Republican,99,S,Texas,2026-03-04T06:44:37.492Z,1821,0,0.4,8
169981,John Adefope,SR,Madison,48313,John,False,Adefope,REP,Republican,99,S,Texas,2026-03-04T06:44:37.492Z,1821,0,0.2,3
68154,Virgil Bierschwale,SR,Madison,48313,Virgil,False,Bierschwale,REP,Republican,99,S,Texas,2026-03-04T06:44:37.492Z,1821,0,0.1,1
58352,Ken Paxton,SR,Marion,48315,Ken,False,Paxton,REP,Republican,89,S,Texas,2026-03-04T06:28:04.646Z,1591,48,48.0,764
367,John Cornyn,SR,Marion,48315,John,True,Cornyn,REP,Republican,89,S,Texas,2026-03-04T06:28:04.646Z,1591,36,35.9,571
68242,Wesley Hunt,SR,Marion,48315,Wesley,False,Hunt,REP,Republican,89,S,Texas,2026-03-04T06:28:04.646Z,1591,10,10.5,167
69840,Sara Canady,SR,Marion,48315,Sara,False,Canady,REP,Republican,89,S,Texas,2026-03-04T06:28:04.646Z,1591,2,2.0,32
169980,Anna Bender,SR,Marion,48315,Anna,False,Bender,REP,Republican,89,S,Texas,2026-03-04T06:28:04.646Z,1591,2,1.8,29
68154,Virgil Bierschwale,SR,Marion,48315,Virgil,False,Bierschwale,REP,Republican,89,S,Texas,2026-03-04T06:28:04.646Z,1591,1,1.1,18
169981,John Adefope,SR,Marion,48315,John,False,Adefope,REP,Republican,89,S,Texas,2026-03-04T06:28:04.646Z,1591,0,0.4,7
160846,Gulrez Khan,SR,Marion,48315,Gulrez,False,Khan,REP,Republican,89,S,Texas,2026-03-04T06:28:04.646Z,1591,0,0.2,3
58352,Ken Paxton,SR,Martin,48317,Ken,False,Paxton,REP,Republican,99,S,Texas,2026-03-04T06:46:12.960Z,760,46,46.3,352
367,John Cornyn,SR,Martin,48317,John,True,Cornyn,REP,Republican,99,S,Texas,2026-03-04T06:46:12.960Z,760,36,36.2,275
68242,Wesley Hunt,SR,Martin,48317,Wesley,False,Hunt,REP,Republican,99,S,Texas,2026-03-04T06:46:12.960Z,760,10,9.7,74
69840,Sara Canady,SR,Martin,48317,Sara,False,Canady,REP,Republican,99,S,Texas,2026-03-04T06:46:12.960Z,760,3,2.6,20
169980,Anna Bender,SR,Martin,48317,Anna,False,Bender,REP,Republican,99,S,Texas,2026-03-04T06:46:12.960Z,760,2,2.2,17
169981,John Adefope,SR,Martin,48317,John,False,Adefope,REP,Republican,99,S,Texas,2026-03-04T06:46:12.960Z,760,1,1.1,8
68154,Virgil Bierschwale,SR,Martin,48317,Virgil,False,Bierschwale,REP,Republican,99,S,Texas,2026-03-04T06:46:12.960Z,760,1,0.9,7
160846,Gulrez Khan,SR,Martin,48317,Gulrez,False,Khan,REP,Republican,99,S,Texas,2026-03-04T06:46:12.960Z,760,1,0.9,7
367,John Cornyn,SR,Mason,48319,John,True,Cornyn,REP,Republican,99,S,Texas,2026-03-04T16:16:02.865Z,1205,47,46.9,565
58352,Ken Paxton,SR,Mason,48319,Ken,False,Paxton,REP,Republican,99,S,Texas,2026-03-04T16:16:02.865Z,1205,35,34.9,421
68242,Wesley Hunt,SR,Mason,48319,Wesley,False,Hunt,REP,Republican,99,S,Texas,2026-03-04T16:16:02.865Z,1205,12,12.2,147
68154,Virgil Bierschwale,SR,Mason,48319,Virgil,False,Bierschwale,REP,Republican,99,S,Texas,2026-03-04T16:16:02.865Z,1205,3,2.6,31
169980,Anna Bender,SR,Mason,48319,Anna,False,Bender,REP,Republican,99,S,Texas,2026-03-04T16:16:02.865Z,1205,1,1.2,15
69840,Sara Canady,SR,Mason,48319,Sara,False,Canady,REP,Republican,99,S,Texas,2026-03-04T16:16:02.865Z,1205,1,1.1,13
160846,Gulrez Khan,SR,Mason,48319,Gulrez,False,Khan,REP,Republican,99,S,Texas,2026-03-04T16:16:02.865Z,1205,1,0.6,7
169981,John Adefope,SR,Mason,48319,John,False,Adefope,REP,Republican,99,S,Texas,2026-03-04T16:16:02.865Z,1205,0,0.5,6
58352,Ken Paxton,SR,Matagorda,48321,Ken,False,Paxton,REP,Republican,99,S,Texas,2026-03-04T09:21:25.271Z,3634,49,48.7,1771
367,John Cornyn,SR,Matagorda,48321,John,True,Cornyn,REP,Republican,99,S,Texas,2026-03-04T09:21:25.271Z,3634,35,34.8,1263
68242,Wesley Hunt,SR,Matagorda,48321,Wesley,False,Hunt,REP,Republican,99,S,Texas,2026-03-04T09:21:25.271Z,3634,13,13.3,484
69840,Sara Canady,SR,Matagorda,48321,Sara,False,Canady,REP,Republican,99,S,Texas,2026-03-04T09:21:25.271Z,3634,1,0.9,33
169981,John Adefope,SR,Matagorda,48321,John,False,Adefope,REP,Republican,99,S,Texas,2026-03-04T09:21:25.271Z,3634,1,0.7,25
169980,Anna Bender,SR,Matagorda,48321,Anna,False,Bender,REP,Republican,99,S,Texas,2026-03-04T09:21:25.271Z,3634,1,0.7,25
160846,Gulrez Khan,SR,Matagorda,48321,Gulrez,False,Khan,REP,Republican,99,S,Texas,2026-03-04T09:21:25.271Z,3634,0,0.6,22
68154,Virgil Bierschwale,SR,Matagorda,48321,Virgil,False,Bierschwale,REP,Republican,99,S,Texas,2026-03-04T09:21:25.271Z,3634,0,0.3,11
58352,Ken Paxton,SR,Maverick,48323,Ken,False,Paxton,REP,Republican,99,S,Texas,2026-03-04T16:51:46.316Z,410,45,45.1,185
68242,Wesley Hunt,SR,Maverick,48323,Wesley,False,Hunt,REP,Republican,99,S,Texas,2026-03-04T16:51:46.316Z,410,23,23.2,95
367,John Cornyn,SR,Maverick,48323,John,True,Cornyn,REP,Republican,99,S,Texas,2026-03-04T16:51:46.316Z,410,21,21.2,87
69840,Sara Canady,SR,Maverick,48323,Sara,False,Canady,REP,Republican,99,S,Texas,2026-03-04T16:51:46.316Z,410,4,4.1,17
169980,Anna Bender,SR,Maverick,48323,Anna,False,Bender,REP,Republican,99,S,Texas,2026-03-04T16:51:46.316Z,410,3,2.9,12
160846,Gulrez Khan,SR,Maverick,48323,Gulrez,False,Khan,REP,Republican,99,S,Texas,2026-03-04T16:51:46.316Z,410,1,1.5,6
169981,John Adefope,SR,Maverick,48323,John,False,Adefope,REP,Republican,99,S,Texas,2026-03-04T16:51:46.316Z,410,1,1.0,4
68154,Virgil Bierschwale,SR,Maverick,48323,Virgil,False,Bierschwale,REP,Republican,99,S,Texas,2026-03-04T16:51:46.316Z,410,1,1.0,4
58352,Ken Paxton,SR,McCulloch,48307,Ken,False,Paxton,REP,Republican,99,S,Texas,2026-03-04T06:04:30.744Z,1409,46,46.2,651
367,John Cornyn,SR,McCulloch,48307,John,True,Cornyn,REP,Republican,99,S,Texas,2026-03-04T06:04:30.744Z,1409,36,36.5,514
68242,Wesley Hunt,SR,McCulloch,48307,Wesley,False,Hunt,REP,Republican,99,S,Texas,2026-03-04T06:04:30.744Z,1409,13,12.9,182
169980,Anna Bender,SR,McCulloch,48307,Anna,False,Bender,REP,Republican,99,S,Texas,2026-03-04T06:04:30.744Z,1409,2,1.7,24
69840,Sara Canady,SR,McCulloch,48307,Sara,False,Canady,REP,Republican,99,S,Texas,2026-03-04T06:04:30.744Z,1409,1,1.1,16
68154,Virgil Bierschwale,SR,McCulloch,48307,Virgil,False,Bierschwale,REP,Republican,99,S,Texas,2026-03-04T06:04:30.744Z,1409,1,0.7,10
160846,Gulrez Khan,SR,McCulloch,48307,Gulrez,False,Khan,REP,Republican,99,S,Texas,2026-03-04T06:04:30.744Z,1409,0,0.5,7
169981,John Adefope,SR,McCulloch,48307,John,False,Adefope,REP,Republican,99,S,Texas,2026-03-04T06:04:30.744Z,1409,0,0.4,5
367,John Cornyn,SR,McLennan,48309,John,True,Cornyn,REP,Republican,98,S,Texas,2026-03-04T17:13:46.811Z,23074,47,47.4,10941
58352,Ken Paxton,SR,McLennan,48309,Ken,False,Paxton,REP,Republican,98,S,Texas,2026-03-04T17:13:46.811Z,23074,35,34.9,8052
68242,Wesley Hunt,SR,McLennan,48309,Wesley,False,Hunt,REP,Republican,98,S,Texas,2026-03-04T17:13:46.811Z,23074,14,14.1,3265
69840,Sara Canady,SR,McLennan,48309,Sara,False,Canady,REP,Republican,98,S,Texas,2026-03-04T17:13:46.811Z,23074,1,1.3,290
169980,Anna Bender,SR,McLennan,48309,Anna,False,Bender,REP,Republican,98,S,Texas,2026-03-04T17:13:46.811Z,23074,1,0.9,203
169981,John Adefope,SR,McLennan,48309,John,False,Adefope,REP,Republican,98,S,Texas,2026-03-04T17:13:46.811Z,23074,1,0.6,143
160846,Gulrez Khan,SR,McLennan,48309,Gulrez,False,Khan,REP,Republican,98,S,Texas,2026-03-04T17:13:46.811Z,23074,0,0.5,106
68154,Virgil Bierschwale,SR,McLennan,48309,Virgil,False,Bierschwale,REP,Republican,98,S,Texas,2026-03-04T17:13:46.811Z,23074,0,0.3,74
58352,Ken Paxton,SR,McMullen,48311,Ken,False,Paxton,REP,Republican,99,S,Texas,2026-03-04T16:16:23.052Z,214,45,44.9,96
367,John Cornyn,SR,McMullen,48311,John,True,Cornyn,REP,Republican,99,S,Texas,2026-03-04T16:16:23.052Z,214,36,35.5,76
68242,Wesley Hunt,SR,McMullen,48311,Wesley,False,Hunt,REP,Republican,99,S,Texas,2026-03-04T16:16:23.052Z,214,15,14.9,32
169980,Anna Bender,SR,McMullen,48311,Anna,False,Bender,REP,Republican,99,S,Texas,2026-03-04T16:16:23.052Z,214,2,1.9,4
68154,Virgil Bierschwale,SR,McMullen,48311,Virgil,False,Bierschwale,REP,Republican,99,S,Texas,2026-03-04T16:16:23.052Z,214,1,1.4,3
69840,Sara Canady,SR,McMullen,48311,Sara,False,Canady,REP,Republican,99,S,Texas,2026-03-04T16:16:23.052Z,214,1,0.9,2
160846,Gulrez Khan,SR,McMullen,48311,Gulrez,False,Khan,REP,Republican,99,S,Texas,2026-03-04T16:16:23.052Z,214,0,0.5,1
169981,John Adefope,SR,McMullen,48311,John,False,Adefope,REP,Republican,99,S,Texas,2026-03-04T16:16:23.052Z,214,0,0.0,0
58352,Ken Paxton,SR,Medina,48325,Ken,False,Paxton,REP,Republican,99,S,Texas,2026-03-04T05:00:04.670Z,6720,49,49.0,3290
367,John Cornyn,SR,Medina,48325,John,True,Cornyn,REP,Republican,99,S,Texas,2026-03-04T05:00:04.670Z,6720,37,37.3,2506
68242,Wesley Hunt,SR,Medina,48325,Wesley,False,Hunt,REP,Republican,99,S,Texas,2026-03-04T05:00:04.670Z,6720,11,10.7,717
169980,Anna Bender,SR,Medina,48325,Anna,False,Bender,REP,Republican,99,S,Texas,2026-03-04T05:00:04.670Z,6720,1,1.0,66
69840,Sara Canady,SR,Medina,48325,Sara,False,Canady,REP,Republican,99,S,Texas,2026-03-04T05:00:04.670Z,6720,1,0.9,60
169981,John Adefope,SR,Medina,48325,John,False,Adefope,REP,Republican,99,S,Texas,2026-03-04T05:00:04.670Z,6720,1,0.5,35
160846,Gulrez Khan,SR,Medina,48325,Gulrez,False,Khan,REP,Republican,99,S,Texas,2026-03-04T05:00:04.670Z,6720,0,0.3,24
68154,Virgil Bierschwale,SR,Medina,48325,Virgil,False,Bierschwale,REP,Republican,99,S,Texas,2026-03-04T05:00:04.670Z,6720,0,0.3,22
367,John Cornyn,SR,Menard,48327,John,True,Cornyn,REP,Republican,99,S,Texas,2026-03-04T06:04:36.704Z,472,53,53.0,250
58352,Ken Paxton,SR,Menard,48327,Ken,False,Paxton,REP,Republican,99,S,Texas,2026-03-04T06:04:36.704Z,472,28,28.2,133
68242,Wesley Hunt,SR,Menard,48327,Wesley,False,Hunt,REP,Republican,99,S,Texas,2026-03-04T06:04:36.704Z,472,13,12.7,60
68154,Virgil Bierschwale,SR,Menard,48327,Virgil,False,Bierschwale,REP,Republican,99,S,Texas,2026-03-04T06:04:36.704Z,472,3,2.5,12
169980,Anna Bender,SR,Menard,48327,Anna,False,Bender,REP,Republican,99,S,Texas,2026-03-04T06:04:36.704Z,472,2,1.9,9
69840,Sara Canady,SR,Menard,48327,Sara,False,Canady,REP,Republican,99,S,Texas,2026-03-04T06:04:36.704Z,472,1,1.1,5
160846,Gulrez Khan,SR,Menard,48327,Gulrez,False,Khan,REP,Republican,99,S,Texas,2026-03-04T06:04:36.704Z,472,0,0.4,2
169981,John Adefope,SR,Menard,48327,John,False,Adefope,REP,Republican,99,S,Texas,2026-03-04T06:04:36.704Z,472,0,0.2,1
367,John Cornyn,SR,Midland,48329,John,True,Cornyn,REP,Republican,96,S,Texas,2026-03-04T04:14:56.400Z,14297,46,45.6,6514
58352,Ken Paxton,SR,Midland,48329,Ken,False,Paxton,REP,Republican,96,S,Texas,2026-03-04T04:14:56.400Z,14297,39,39.5,5646
68242,Wesley Hunt,SR,Midland,48329,Wesley,False,Hunt,REP,Republican,96,S,Texas,2026-03-04T04:14:56.400Z,14297,12,12.3,1759
169980,Anna Bender,SR,Midland,48329,Anna,False,Bender,REP,Republican,96,S,Texas,2026-03-04T04:14:56.400Z,14297,1,1.0,143
69840,Sara Canady,SR,Midland,48329,Sara,False,Canady,REP,Republican,96,S,Texas,2026-03-04T04:14:56.400Z,14297,1,0.9,124
160846,Gulrez Khan,SR,Midland,48329,Gulrez,False,Khan,REP,Republican,96,S,Texas,2026-03-04T04:14:56.400Z,14297,0,0.3,47
169981,John Adefope,SR,Midland,48329,John,False,Adefope,REP,Republican,96,S,Texas,2026-03-04T04:14:56.400Z,14297,0,0.2,33
68154,Virgil Bierschwale,SR,Midland,48329,Virgil,False,Bierschwale,REP,Republican,96,S,Texas,2026-03-04T04:14:56.400Z,14297,0,0.2,31
367,John Cornyn,SR,Milam,48331,John,True,Cornyn,REP,Republican,99,S,Texas,2026-03-04T07:24:47.639Z,3464,43,43.2,1498
58352,Ken Paxton,SR,Milam,48331,Ken,False,Paxton,REP,Republican,99,S,Texas,2026-03-04T07:24:47.639Z,3464,40,40.0,1386
68242,Wesley Hunt,SR,Milam,48331,Wesley,False,Hunt,REP,Republican,99,S,Texas,2026-03-04T07:24:47.639Z,3464,13,13.2,458
69840,Sara Canady,SR,Milam,48331,Sara,False,Canady,REP,Republican,99,S,Texas,2026-03-04T07:24:47.639Z,3464,1,1.3,45
169980,Anna Bender,SR,Milam,48331,Anna,False,Bender,REP,Republican,99,S,Texas,2026-03-04T07:24:47.639Z,3464,1,1.0,36
68154,Virgil Bierschwale,SR,Milam,48331,Virgil,False,Bierschwale,REP,Republican,99,S,Texas,2026-03-04T07:24:47.639Z,3464,1,0.7,23
169981,John Adefope,SR,Milam,48331,John,False,Adefope,REP,Republican,99,S,Texas,2026-03-04T07:24:47.639Z,3464,0,0.3,9
160846,Gulrez Khan,SR,Milam,48331,Gulrez,False,Khan,REP,Republican,99,S,Texas,2026-03-04T07:24:47.639Z,3464,0,0.3,9
58352,Ken Paxton,SR,Mills,48333,Ken,False,Paxton,REP,Republican,99,S,Texas,2026-03-04T07:26:26.570Z,1002,44,43.8,439
367,John Cornyn,SR,Mills,48333,John,True,Cornyn,REP,Republican,99,S,Texas,2026-03-04T07:26:26.570Z,1002,40,39.6,397
68242,Wesley Hunt,SR,Mills,48333,Wesley,False,Hunt,REP,Republican,99,S,Texas,2026-03-04T07:26:26.570Z,1002,14,13.7,137
169980,Anna Bender,SR,Mills,48333,Anna,False,Bender,REP,Republican,99,S,Texas,2026-03-04T07:26:26.570Z,1002,1,0.8,8
69840,Sara Canady,SR,Mills,48333,Sara,False,Canady,REP,Republican,99,S,Texas,2026-03-04T07:26:26.570Z,1002,1,0.6,6
169981,John Adefope,SR,Mills,48333,John,False,Adefope,REP,Republican,99,S,Texas,2026-03-04T07:26:26.570Z,1002,0,0.5,5
68154,Virgil Bierschwale,SR,Mills,48333,Virgil,False,Bierschwale,REP,Republican,99,S,Texas,2026-03-04T07:26:26.570Z,1002,0,0.5,5
160846,Gulrez Khan,SR,Mills,48333,Gulrez,False,Khan,REP,Republican,99,S,Texas,2026-03-04T07:26:26.570Z,1002,0,0.5,5
58352,Ken Paxton,SR,Mitchell,48335,Ken,False,Paxton,REP,Republican,99,S,Texas,2026-03-04T08:29:24.845Z,841,54,54.2,456
367,John Cornyn,SR,Mitchell,48335,John,True,Cornyn,REP,Republican,99,S,Texas,2026-03-04T08:29:24.845Z,841,33,33.3,280
68242,Wesley Hunt,SR,Mitchell,48335,Wesley,False,Hunt,REP,Republican,99,S,Texas,2026-03-04T08:29:24.845Z,841,10,10.5,88
169980,Anna Bender,SR,Mitchell,48335,Anna,False,Bender,REP,Republican,99,S,Texas,2026-03-04T08:29:24.845Z,841,1,0.7,6
69840,Sara Canady,SR,Mitchell,48335,Sara,False,Canady,REP,Republican,99,S,Texas,2026-03-04T08:29:24.845Z,841,1,0.7,6
68154,Virgil Bierschwale,SR,Mitchell,48335,Virgil,False,Bierschwale,REP,Republican,99,S,Texas,2026-03-04T08:29:24.845Z,841,0,0.4,3
169981,John Adefope,SR,Mitchell,48335,John,False,Adefope,REP,Republican,99,S,Texas,2026-03-04T08:29:24.845Z,841,0,0.1,1
160846,Gulrez Khan,SR,Mitchell,48335,Gulrez,False,Khan,REP,Republican,99,S,Texas,2026-03-04T08:29:24.845Z,841,0,0.1,1
58352,Ken Paxton,SR,Montague,48337,Ken,False,Paxton,REP,Republican,99,S,Texas,2026-03-04T04:14:56.400Z,3759,46,46.4,1745
367,John Cornyn,SR,Montague,48337,John,True,Cornyn,REP,Republican,99,S,Texas,2026-03-04T04:14:56.400Z,3759,37,37.2,1400
68242,Wesley Hunt,SR,Montague,48337,Wesley,False,Hunt,REP,Republican,99,S,Texas,2026-03-04T04:14:56.400Z,3759,13,13.1,491
69840,Sara Canady,SR,Montague,48337,Sara,False,Canady,REP,Republican,99,S,Texas,2026-03-04T04:14:56.400Z,3759,1,1.3,48
169980,Anna Bender,SR,Montague,48337,Anna,False,Bender,REP,Republican,99,S,Texas,2026-03-04T04:14:56.400Z,3759,1,0.8,30
68154,Virgil Bierschwale,SR,Montague,48337,Virgil,False,Bierschwale,REP,Republican,99,S,Texas,2026-03-04T04:14:56.400Z,3759,0,0.5,17
160846,Gulrez Khan,SR,Montague,48337,Gulrez,False,Khan,REP,Republican,99,S,Texas,2026-03-04T04:14:56.400Z,3759,0,0.4,15
169981,John Adefope,SR,Montague,48337,John,False,Adefope,REP,Republican,99,S,Texas,2026-03-04T04:14:56.400Z,3759,0,0.3,13
58352,Ken Paxton,SR,Montgomery,48339,Ken,False,Paxton,REP,Republican,99,S,Texas,2026-03-04T08:42:08.470Z,78880,54,54.6,43043
367,John Cornyn,SR,Montgomery,48339,John,True,Cornyn,REP,Republican,99,S,Texas,2026-03-04T08:42:08.470Z,78880,27,27.3,21543
68242,Wesley Hunt,SR,Montgomery,48339,Wesley,False,Hunt,REP,Republican,99,S,Texas,2026-03-04T08:42:08.470Z,78880,16,15.9,12507
69840,Sara Canady,SR,Montgomery,48339,Sara,False,Canady,REP,Republican,99,S,Texas,2026-03-04T08:42:08.470Z,78880,1,0.7,544
169980,Anna Bender,SR,Montgomery,48339,Anna,False,Bender,REP,Republican,99,S,Texas,2026-03-04T08:42:08.470Z,78880,1,0.6,480
160846,Gulrez Khan,SR,Montgomery,48339,Gulrez,False,Khan,REP,Republican,99,S,Texas,2026-03-04T08:42:08.470Z,78880,1,0.6,460
68154,Virgil Bierschwale,SR,Montgomery,48339,Virgil,False,Bierschwale,REP,Republican,99,S,Texas,2026-03-04T08:42:08.470Z,78880,0,0.2,194
169981,John Adefope,SR,Montgomery,48339,John,False,Adefope,REP,Republican,99,S,Texas,2026-03-04T08:42:08.470Z,78880,0,0.1,109
367,John Cornyn,SR,Moore,48341,John,True,Cornyn,REP,Republican,99,S,Texas,2026-03-04T08:06:50.116Z,1564,52,51.8,810
58352,Ken Paxton,SR,Moore,48341,Ken,False,Paxton,REP,Republican,99,S,Texas,2026-03-04T08:06:50.116Z,1564,36,36.5,571
68242,Wesley Hunt,SR,Moore,48341,Wesley,False,Hunt,REP,Republican,99,S,Texas,2026-03-04T08:06:50.116Z,1564,7,6.9,109
69840,Sara Canady,SR,Moore,48341,Sara,False,Canady,REP,Republican,99,S,Texas,2026-03-04T08:06:50.116Z,1564,2,2.0,31
169980,Anna Bender,SR,Moore,48341,Anna,False,Bender,REP,Republican,99,S,Texas,2026-03-04T08:06:50.116Z,1564,1,1.1,17
160846,Gulrez Khan,SR,Moore,48341,Gulrez,False,Khan,REP,Republican,99,S,Texas,2026-03-04T08:06:50.116Z,1564,1,0.7,11
68154,Virgil Bierschwale,SR,Moore,48341,Virgil,False,Bierschwale,REP,Republican,99,S,Texas,2026-03-04T08:06:50.116Z,1564,1,0.6,9
169981,John Adefope,SR,Moore,48341,John,False,Adefope,REP,Republican,99,S,Texas,2026-03-04T08:06:50.116Z,1564,0,0.4,6
58352,Ken Paxton,SR,Morris,48343,Ken,False,Paxton,REP,Republican,97,S,Texas,2026-03-04T16:26:12.515Z,1854,48,48.2,894
367,John Cornyn,SR,Morris,48343,John,True,Cornyn,REP,Republican,97,S,Texas,2026-03-04T16:26:12.515Z,1854,34,34.0,630
68242,Wesley Hunt,SR,Morris,48343,Wesley,False,Hunt,REP,Republican,97,S,Texas,2026-03-04T16:26:12.515Z,1854,12,12.0,223
169980,Anna Bender,SR,Morris,48343,Anna,False,Bender,REP,Republican,97,S,Texas,2026-03-04T16:26:12.515Z,1854,3,3.0,55
69840,Sara Canady,SR,Morris,48343,Sara,False,Canady,REP,Republican,97,S,Texas,2026-03-04T16:26:12.515Z,1854,2,1.7,31
68154,Virgil Bierschwale,SR,Morris,48343,Virgil,False,Bierschwale,REP,Republican,97,S,Texas,2026-03-04T16:26:12.515Z,1854,0,0.4,8
169981,John Adefope,SR,Morris,48343,John,False,Adefope,REP,Republican,97,S,Texas,2026-03-04T16:26:12.515Z,1854,0,0.4,7
160846,Gulrez Khan,SR,Morris,48343,Gulrez,False,Khan,REP,Republican,97,S,Texas,2026-03-04T16:26:12.515Z,1854,0,0.3,6
367,John Cornyn,SR,Motley,48345,John,True,Cornyn,REP,Republican,99,S,Texas,2026-03-04T06:21:29.706Z,290,48,47.6,138
58352,Ken Paxton,SR,Motley,48345,Ken,False,Paxton,REP,Republican,99,S,Texas,2026-03-04T06:21:29.706Z,290,38,38.3,111
68242,Wesley Hunt,SR,Motley,48345,Wesley,False,Hunt,REP,Republican,99,S,Texas,2026-03-04T06:21:29.706Z,290,11,11.4,33
69840,Sara Canady,SR,Motley,48345,Sara,False,Canady,REP,Republican,99,S,Texas,2026-03-04T06:21:29.706Z,290,1,1.0,3
169980,Anna Bender,SR,Motley,48345,Anna,False,Bender,REP,Republican,99,S,Texas,2026-03-04T06:21:29.706Z,290,1,0.7,2
68154,Virgil Bierschwale,SR,Motley,48345,Virgil,False,Bierschwale,REP,Republican,99,S,Texas,2026-03-04T06:21:29.706Z,290,1,0.7,2
160846,Gulrez Khan,SR,Motley,48345,Gulrez,False,Khan,REP,Republican,99,S,Texas,2026-03-04T06:21:29.706Z,290,0,0.3,1
169981,John Adefope,SR,Motley,48345,John,False,Adefope,REP,Republican,99,S,Texas,2026-03-04T06:21:29.706Z,290,0,0.0,0
58352,Ken Paxton,SR,Nacogdoches,48347,Ken,False,Paxton,REP,Republican,99,S,Texas,2026-03-04T04:51:41.151Z,7246,42,42.0,3040
367,John Cornyn,SR,Nacogdoches,48347,John,True,Cornyn,REP,Republican,99,S,Texas,2026-03-04T04:51:41.151Z,7246,42,41.8,3031
68242,Wesley Hunt,SR,Nacogdoches,48347,Wesley,False,Hunt,REP,Republican,99,S,Texas,2026-03-04T04:51:41.151Z,7246,13,13.3,964
169980,Anna Bender,SR,Nacogdoches,48347,Anna,False,Bender,REP,Republican,99,S,Texas,2026-03-04T04:51:41.151Z,7246,1,1.0,76
69840,Sara Canady,SR,Nacogdoches,48347,Sara,False,Canady,REP,Republican,99,S,Texas,2026-03-04T04:51:41.151Z,7246,1,0.8,58
160846,Gulrez Khan,SR,Nacogdoches,48347,Gulrez,False,Khan,REP,Republican,99,S,Texas,2026-03-04T04:51:41.151Z,7246,0,0.4,31
68154,Virgil Bierschwale,SR,Nacogdoches,48347,Virgil,False,Bierschwale,REP,Republican,99,S,Texas,2026-03-04T04:51:41.151Z,7246,0,0.4,30
169981,John Adefope,SR,Nacogdoches,48347,John,False,Adefope,REP,Republican,99,S,Texas,2026-03-04T04:51:41.151Z,7246,0,0.2,16
58352,Ken Paxton,SR,Navarro,48349,Ken,False,Paxton,REP,Republican,99,S,Texas,2026-03-04T06:08:20.782Z,6563,41,41.1,2698
367,John Cornyn,SR,Navarro,48349,John,True,Cornyn,REP,Republican,99,S,Texas,2026-03-04T06:08:20.782Z,6563,40,39.6,2597
68242,Wesley Hunt,SR,Navarro,48349,Wesley,False,Hunt,REP,Republican,99,S,Texas,2026-03-04T06:08:20.782Z,6563,16,15.9,1042
69840,Sara Canady,SR,Navarro,48349,Sara,False,Canady,REP,Republican,99,S,Texas,2026-03-04T06:08:20.782Z,6563,2,1.8,118
169980,Anna Bender,SR,Navarro,48349,Anna,False,Bender,REP,Republican,99,S,Texas,2026-03-04T06:08:20.782Z,6563,1,0.8,55
160846,Gulrez Khan,SR,Navarro,48349,Gulrez,False,Khan,REP,Republican,99,S,Texas,2026-03-04T06:08:20.782Z,6563,0,0.3,24
68154,Virgil Bierschwale,SR,Navarro,48349,Virgil,False,Bierschwale,REP,Republican,99,S,Texas,2026-03-04T06:08:20.782Z,6563,0,0.3,18
169981,John Adefope,SR,Navarro,48349,John,False,Adefope,REP,Republican,99,S,Texas,2026-03-04T06:08:20.782Z,6563,0,0.2,11
58352,Ken Paxton,SR,Newton,48351,Ken,False,Paxton,REP,Republican,97,S,Texas,2026-03-04T16:57:29.376Z,2363,44,43.7,1033
367,John Cornyn,SR,Newton,48351,John,True,Cornyn,REP,Republican,97,S,Texas,2026-03-04T16:57:29.376Z,2363,41,41.4,978
68242,Wesley Hunt,SR,Newton,48351,Wesley,False,Hunt,REP,Republican,97,S,Texas,2026-03-04T16:57:29.376Z,2363,12,11.6,274
69840,Sara Canady,SR,Newton,48351,Sara,False,Canady,REP,Republican,97,S,Texas,2026-03-04T16:57:29.376Z,2363,1,1.3,30
169980,Anna Bender,SR,Newton,48351,Anna,False,Bender,REP,Republican,97,S,Texas,2026-03-04T16:57:29.376Z,2363,1,1.0,23
160846,Gulrez Khan,SR,Newton,48351,Gulrez,False,Khan,REP,Republican,97,S,Texas,2026-03-04T16:57:29.376Z,2363,0,0.4,10
169981,John Adefope,SR,Newton,48351,John,False,Adefope,REP,Republican,97,S,Texas,2026-03-04T16:57:29.376Z,2363,0,0.4,9
68154,Virgil Bierschwale,SR,Newton,48351,Virgil,False,Bierschwale,REP,Republican,97,S,Texas,2026-03-04T16:57:29.376Z,2363,0,0.2,6
367,John Cornyn,SR,Nolan,48353,John,True,Cornyn,REP,Republican,99,S,Texas,2026-03-04T16:39:18.711Z,2126,48,48.4,1030
58352,Ken Paxton,SR,Nolan,48353,Ken,False,Paxton,REP,Republican,99,S,Texas,2026-03-04T16:39:18.711Z,2126,36,36.1,767
68242,Wesley Hunt,SR,Nolan,48353,Wesley,False,Hunt,REP,Republican,99,S,Texas,2026-03-04T16:39:18.711Z,2126,9,8.9,190
169980,Anna Bender,SR,Nolan,48353,Anna,False,Bender,REP,Republican,99,S,Texas,2026-03-04T16:39:18.711Z,2126,3,3.0,64
69840,Sara Canady,SR,Nolan,48353,Sara,False,Canady,REP,Republican,99,S,Texas,2026-03-04T16:39:18.711Z,2126,2,1.7,37
169981,John Adefope,SR,Nolan,48353,John,False,Adefope,REP,Republican,99,S,Texas,2026-03-04T16:39:18.711Z,2126,1,0.7,14
68154,Virgil Bierschwale,SR,Nolan,48353,Virgil,False,Bierschwale,REP,Republican,99,S,Texas,2026-03-04T16:39:18.711Z,2126,1,0.6,13
160846,Gulrez Khan,SR,Nolan,48353,Gulrez,False,Khan,REP,Republican,99,S,Texas,2026-03-04T16:39:18.711Z,2126,0,0.5,11
367,John Cornyn,SR,Nueces,48355,John,True,Cornyn,REP,Republican,99,S,Texas,2026-03-04T16:26:53.693Z,21977,49,48.9,10753
58352,Ken Paxton,SR,Nueces,48355,Ken,False,Paxton,REP,Republican,99,S,Texas,2026-03-04T16:26:53.693Z,21977,38,38.4,8431
68242,Wesley Hunt,SR,Nueces,48355,Wesley,False,Hunt,REP,Republican,99,S,Texas,2026-03-04T16:26:53.693Z,21977,10,9.8,2144
69840,Sara Canady,SR,Nueces,48355,Sara,False,Canady,REP,Republican,99,S,Texas,2026-03-04T16:26:53.693Z,21977,1,1.1,232
169980,Anna Bender,SR,Nueces,48355,Anna,False,Bender,REP,Republican,99,S,Texas,2026-03-04T16:26:53.693Z,21977,1,1.0,224
160846,Gulrez Khan,SR,Nueces,48355,Gulrez,False,Khan,REP,Republican,99,S,Texas,2026-03-04T16:26:53.693Z,21977,0,0.4,100
68154,Virgil Bierschwale,SR,Nueces,48355,Virgil,False,Bierschwale,REP,Republican,99,S,Texas,2026-03-04T16:26:53.693Z,21977,0,0.2,54
169981,John Adefope,SR,Nueces,48355,John,False,Adefope,REP,Republican,99,S,Texas,2026-03-04T16:26:53.693Z,21977,0,0.2,39
58352,Ken Paxton,SR,Ochiltree,48357,Ken,False,Paxton,REP,Republican,99,S,Texas,2026-03-04T06:08:47.313Z,1072,49,48.7,522
367,John Cornyn,SR,Ochiltree,48357,John,True,Cornyn,REP,Republican,99,S,Texas,2026-03-04T06:08:47.313Z,1072,39,39.3,422
68242,Wesley Hunt,SR,Ochiltree,48357,Wesley,False,Hunt,REP,Republican,99,S,Texas,2026-03-04T06:08:47.313Z,1072,8,8.1,87
69840,Sara Canady,SR,Ochiltree,48357,Sara,False,Canady,REP,Republican,99,S,Texas,2026-03-04T06:08:47.313Z,1072,1,1.5,16
169980,Anna Bender,SR,Ochiltree,48357,Anna,False,Bender,REP,Republican,99,S,Texas,2026-03-04T06:08:47.313Z,1072,1,1.3,14
68154,Virgil Bierschwale,SR,Ochiltree,48357,Virgil,False,Bierschwale,REP,Republican,99,S,Texas,2026-03-04T06:08:47.313Z,1072,0,0.5,5
169981,John Adefope,SR,Ochiltree,48357,John,False,Adefope,REP,Republican,99,S,Texas,2026-03-04T06:08:47.313Z,1072,0,0.3,3
160846,Gulrez Khan,SR,Ochiltree,48357,Gulrez,False,Khan,REP,Republican,99,S,Texas,2026-03-04T06:08:47.313Z,1072,0,0.3,3
367,John Cornyn,SR,Oldham,48359,John,True,Cornyn,REP,Republican,99,S,Texas,2026-03-04T06:04:46.558Z,406,51,50.7,206
58352,Ken Paxton,SR,Oldham,48359,Ken,False,Paxton,REP,Republican,99,S,Texas,2026-03-04T06:04:46.558Z,406,36,35.7,145
68242,Wesley Hunt,SR,Oldham,48359,Wesley,False,Hunt,REP,Republican,99,S,Texas,2026-03-04T06:04:46.558Z,406,10,10.3,42
169980,Anna Bender,SR,Oldham,48359,Anna,False,Bender,REP,Republican,99,S,Texas,2026-03-04T06:04:46.558Z,406,1,1.5,6
160846,Gulrez Khan,SR,Oldham,48359,Gulrez,False,Khan,REP,Republican,99,S,Texas,2026-03-04T06:04:46.558Z,406,1,0.7,3
68154,Virgil Bierschwale,SR,Oldham,48359,Virgil,False,Bierschwale,REP,Republican,99,S,Texas,2026-03-04T06:04:46.558Z,406,0,0.5,2
69840,Sara Canady,SR,Oldham,48359,Sara,False,Canady,REP,Republican,99,S,Texas,2026-03-04T06:04:46.558Z,406,0,0.5,2
169981,John Adefope,SR,Oldham,48359,John,False,Adefope,REP,Republican,99,S,Texas,2026-03-04T06:04:46.558Z,406,0,0.0,0
58352,Ken Paxton,SR,Orange,48361,Ken,False,Paxton,REP,Republican,99,S,Texas,2026-03-04T04:14:56.400Z,10287,48,48.4,4977
367,John Cornyn,SR,Orange,48361,John,True,Cornyn,REP,Republican,99,S,Texas,2026-03-04T04:14:56.400Z,10287,40,39.6,4070
68242,Wesley Hunt,SR,Orange,48361,Wesley,False,Hunt,REP,Republican,99,S,Texas,2026-03-04T04:14:56.400Z,10287,10,9.7,1003
69840,Sara Canady,SR,Orange,48361,Sara,False,Canady,REP,Republican,99,S,Texas,2026-03-04T04:14:56.400Z,10287,1,0.8,79
169980,Anna Bender,SR,Orange,48361,Anna,False,Bender,REP,Republican,99,S,Texas,2026-03-04T04:14:56.400Z,10287,1,0.6,59
169981,John Adefope,SR,Orange,48361,John,False,Adefope,REP,Republican,99,S,Texas,2026-03-04T04:14:56.400Z,10287,0,0.4,44
160846,Gulrez Khan,SR,Orange,48361,Gulrez,False,Khan,REP,Republican,99,S,Texas,2026-03-04T04:14:56.400Z,10287,0,0.3,36
68154,Virgil Bierschwale,SR,Orange,48361,Virgil,False,Bierschwale,REP,Republican,99,S,Texas,2026-03-04T04:14:56.400Z,10287,0,0.2,19
58352,Ken Paxton,SR,Palo Pinto,48363,Ken,False,Paxton,REP,Republican,99,S,Texas,2026-03-04T07:21:39.404Z,4700,46,46.0,2162
367,John Cornyn,SR,Palo Pinto,48363,John,True,Cornyn,REP,Republican,99,S,Texas,2026-03-04T07:21:39.404Z,4700,36,35.6,1674
68242,Wesley Hunt,SR,Palo Pinto,48363,Wesley,False,Hunt,REP,Republican,99,S,Texas,2026-03-04T07:21:39.404Z,4700,15,15.4,722
69840,Sara Canady,SR,Palo Pinto,48363,Sara,False,Canady,REP,Republican,99,S,Texas,2026-03-04T07:21:39.404Z,4700,1,1.1,53
169980,Anna Bender,SR,Palo Pinto,48363,Anna,False,Bender,REP,Republican,99,S,Texas,2026-03-04T07:21:39.404Z,4700,1,1.0,47
160846,Gulrez Khan,SR,Palo Pinto,48363,Gulrez,False,Khan,REP,Republican,99,S,Texas,2026-03-04T07:21:39.404Z,4700,0,0.3,16
169981,John Adefope,SR,Palo Pinto,48363,John,False,Adefope,REP,Republican,99,S,Texas,2026-03-04T07:21:39.404Z,4700,0,0.3,14
68154,Virgil Bierschwale,SR,Palo Pinto,48363,Virgil,False,Bierschwale,REP,Republican,99,S,Texas,2026-03-04T07:21:39.404Z,4700,0,0.3,12
58352,Ken Paxton,SR,Panola,48365,Ken,False,Paxton,REP,Republican,99,S,Texas,2026-03-04T17:18:25.749Z,3594,55,54.7,1967
367,John Cornyn,SR,Panola,48365,John,True,Cornyn,REP,Republican,99,S,Texas,2026-03-04T17:18:25.749Z,3594,32,32.2,1157
68242,Wesley Hunt,SR,Panola,48365,Wesley,False,Hunt,REP,Republican,99,S,Texas,2026-03-04T17:18:25.749Z,3594,10,9.9,355
69840,Sara Canady,SR,Panola,48365,Sara,False,Canady,REP,Republican,99,S,Texas,2026-03-04T17:18:25.749Z,3594,2,1.8,66
169980,Anna Bender,SR,Panola,48365,Anna,False,Bender,REP,Republican,99,S,Texas,2026-03-04T17:18:25.749Z,3594,1,0.6,20
68154,Virgil Bierschwale,SR,Panola,48365,Virgil,False,Bierschwale,REP,Republican,99,S,Texas,2026-03-04T17:18:25.749Z,3594,0,0.3,11
169981,John Adefope,SR,Panola,48365,John,False,Adefope,REP,Republican,99,S,Texas,2026-03-04T17:18:25.749Z,3594,0,0.2,9
160846,Gulrez Khan,SR,Panola,48365,Gulrez,False,Khan,REP,Republican,99,S,Texas,2026-03-04T17:18:25.749Z,3594,0,0.2,9
58352,Ken Paxton,SR,Parker,48367,Ken,False,Paxton,REP,Republican,99,S,Texas,2026-03-04T17:37:29.819Z,27335,47,46.8,12791
367,John Cornyn,SR,Parker,48367,John,True,Cornyn,REP,Republican,99,S,Texas,2026-03-04T17:37:29.819Z,27335,37,36.7,10042
68242,Wesley Hunt,SR,Parker,48367,Wesley,False,Hunt,REP,Republican,99,S,Texas,2026-03-04T17:37:29.819Z,27335,14,14.1,3841
169980,Anna Bender,SR,Parker,48367,Anna,False,Bender,REP,Republican,99,S,Texas,2026-03-04T17:37:29.819Z,27335,1,0.9,252
69840,Sara Canady,SR,Parker,48367,Sara,False,Canady,REP,Republican,99,S,Texas,2026-03-04T17:37:29.819Z,27335,1,0.7,178
160846,Gulrez Khan,SR,Parker,48367,Gulrez,False,Khan,REP,Republican,99,S,Texas,2026-03-04T17:37:29.819Z,27335,0,0.3,93
68154,Virgil Bierschwale,SR,Parker,48367,Virgil,False,Bierschwale,REP,Republican,99,S,Texas,2026-03-04T17:37:29.819Z,27335,0,0.3,70
169981,John Adefope,SR,Parker,48367,John,False,Adefope,REP,Republican,99,S,Texas,2026-03-04T17:37:29.819Z,27335,0,0.2,68
58352,Ken Paxton,SR,Parmer,48369,Ken,False,Paxton,REP,Republican,99,S,Texas,2026-03-04T09:06:49.266Z,1030,41,41.5,427
367,John Cornyn,SR,Parmer,48369,John,True,Cornyn,REP,Republican,99,S,Texas,2026-03-04T09:06:49.266Z,1030,40,40.3,415
68242,Wesley Hunt,SR,Parmer,48369,Wesley,False,Hunt,REP,Republican,99,S,Texas,2026-03-04T09:06:49.266Z,1030,11,10.6,109
68154,Virgil Bierschwale,SR,Parmer,48369,Virgil,False,Bierschwale,REP,Republican,99,S,Texas,2026-03-04T09:06:49.266Z,1030,2,2.0,21
169980,Anna Bender,SR,Parmer,48369,Anna,False,Bender,REP,Republican,99,S,Texas,2026-03-04T09:06:49.266Z,1030,2,1.9,20
69840,Sara Canady,SR,Parmer,48369,Sara,False,Canady,REP,Republican,99,S,Texas,2026-03-04T09:06:49.266Z,1030,2,1.6,17
169981,John Adefope,SR,Parmer,48369,John,False,Adefope,REP,Republican,99,S,Texas,2026-03-04T09:06:49.266Z,1030,1,1.1,11
160846,Gulrez Khan,SR,Parmer,48369,Gulrez,False,Khan,REP,Republican,99,S,Texas,2026-03-04T09:06:49.266Z,1030,1,1.0,10
58352,Ken Paxton,SR,Pecos,48371,Ken,False,Paxton,REP,Republican,99,S,Texas,2026-03-04T14:52:28.871Z,1620,45,44.9,728
367,John Cornyn,SR,Pecos,48371,John,True,Cornyn,REP,Republican,99,S,Texas,2026-03-04T14:52:28.871Z,1620,33,33.1,537
68242,Wesley Hunt,SR,Pecos,48371,Wesley,False,Hunt,REP,Republican,99,S,Texas,2026-03-04T14:52:28.871Z,1620,11,10.6,172
69840,Sara Canady,SR,Pecos,48371,Sara,False,Canady,REP,Republican,99,S,Texas,2026-03-04T14:52:28.871Z,1620,5,5.5,89
169980,Anna Bender,SR,Pecos,48371,Anna,False,Bender,REP,Republican,99,S,Texas,2026-03-04T14:52:28.871Z,1620,3,2.8,45
68154,Virgil Bierschwale,SR,Pecos,48371,Virgil,False,Bierschwale,REP,Republican,99,S,Texas,2026-03-04T14:52:28.871Z,1620,1,1.2,19
160846,Gulrez Khan,SR,Pecos,48371,Gulrez,False,Khan,REP,Republican,99,S,Texas,2026-03-04T14:52:28.871Z,1620,1,1.2,19
169981,John Adefope,SR,Pecos,48371,John,False,Adefope,REP,Republican,99,S,Texas,2026-03-04T14:52:28.871Z,1620,1,0.7,11
58352,Ken Paxton,SR,Polk,48373,Ken,False,Paxton,REP,Republican,99,S,Texas,2026-03-04T08:23:14.047Z,7714,42,41.5,3202
367,John Cornyn,SR,Polk,48373,John,True,Cornyn,REP,Republican,99,S,Texas,2026-03-04T08:23:14.047Z,7714,41,40.9,3152
68242,Wesley Hunt,SR,Polk,48373,Wesley,False,Hunt,REP,Republican,99,S,Texas,2026-03-04T08:23:14.047Z,7714,14,13.6,1051
169980,Anna Bender,SR,Polk,48373,Anna,False,Bender,REP,Republican,99,S,Texas,2026-03-04T08:23:14.047Z,7714,1,1.4,109
69840,Sara Canady,SR,Polk,48373,Sara,False,Canady,REP,Republican,99,S,Texas,2026-03-04T08:23:14.047Z,7714,1,1.4,105
160846,Gulrez Khan,SR,Polk,48373,Gulrez,False,Khan,REP,Republican,99,S,Texas,2026-03-04T08:23:14.047Z,7714,0,0.4,34
68154,Virgil Bierschwale,SR,Polk,48373,Virgil,False,Bierschwale,REP,Republican,99,S,Texas,2026-03-04T08:23:14.047Z,7714,0,0.4,32
169981,John Adefope,SR,Polk,48373,John,False,Adefope,REP,Republican,99,S,Texas,2026-03-04T08:23:14.047Z,7714,0,0.4,29
367,John Cornyn,SR,Potter,48375,John,True,Cornyn,REP,Republican,99,S,Texas,2026-03-04T17:36:16.254Z,7383,49,48.7,3597
58352,Ken Paxton,SR,Potter,48375,Ken,False,Paxton,REP,Republican,99,S,Texas,2026-03-04T17:36:16.254Z,7383,38,38.1,2811
68242,Wesley Hunt,SR,Potter,48375,Wesley,False,Hunt,REP,Republican,99,S,Texas,2026-03-04T17:36:16.254Z,7383,9,9.2,680
160846,Gulrez Khan,SR,Potter,48375,Gulrez,False,Khan,REP,Republican,99,S,Texas,2026-03-04T17:36:16.254Z,7383,1,1.2,90
169980,Anna Bender,SR,Potter,48375,Anna,False,Bender,REP,Republican,99,S,Texas,2026-03-04T17:36:16.254Z,7383,1,1.2,89
69840,Sara Canady,SR,Potter,48375,Sara,False,Canady,REP,Republican,99,S,Texas,2026-03-04T17:36:16.254Z,7383,1,1.2,85
169981,John Adefope,SR,Potter,48375,John,False,Adefope,REP,Republican,99,S,Texas,2026-03-04T17:36:16.254Z,7383,0,0.2,18
68154,Virgil Bierschwale,SR,Potter,48375,Virgil,False,Bierschwale,REP,Republican,99,S,Texas,2026-03-04T17:36:16.254Z,7383,0,0.2,13
58352,Ken Paxton,SR,Presidio,48377,Ken,False,Paxton,REP,Republican,99,S,Texas,2026-03-04T06:09:18.883Z,61,49,49.2,30
367,John Cornyn,SR,Presidio,48377,John,True,Cornyn,REP,Republican,99,S,Texas,2026-03-04T06:09:18.883Z,61,38,37.7,23
68242,Wesley Hunt,SR,Presidio,48377,Wesley,False,Hunt,REP,Republican,99,S,Texas,2026-03-04T06:09:18.883Z,61,8,8.2,5
69840,Sara Canady,SR,Presidio,48377,Sara,False,Canady,REP,Republican,99,S,Texas,2026-03-04T06:09:18.883Z,61,3,3.3,2
169980,Anna Bender,SR,Presidio,48377,Anna,False,Bender,REP,Republican,99,S,Texas,2026-03-04T06:09:18.883Z,61,2,1.6,1
169981,John Adefope,SR,Presidio,48377,John,False,Adefope,REP,Republican,99,S,Texas,2026-03-04T06:09:18.883Z,61,0,0.0,0
68154,Virgil Bierschwale,SR,Presidio,48377,Virgil,False,Bierschwale,REP,Republican,99,S,Texas,2026-03-04T06:09:18.883Z,61,0,0.0,0
160846,Gulrez Khan,SR,Presidio,48377,Gulrez,False,Khan,REP,Republican,99,S,Texas,2026-03-04T06:09:18.883Z,61,0,0.0,0
58352,Ken Paxton,SR,Rains,48379,Ken,False,Paxton,REP,Republican,99,S,Texas,2026-03-04T09:20:59.521Z,2456,45,45.2,1111
367,John Cornyn,SR,Rains,48379,John,True,Cornyn,REP,Republican,99,S,Texas,2026-03-04T09:20:59.521Z,2456,34,34.2,841
68242,Wesley Hunt,SR,Rains,48379,Wesley,False,Hunt,REP,Republican,99,S,Texas,2026-03-04T09:20:59.521Z,2456,18,17.9,439
69840,Sara Canady,SR,Rains,48379,Sara,False,Canady,REP,Republican,99,S,Texas,2026-03-04T09:20:59.521Z,2456,1,0.9,22
169980,Anna Bender,SR,Rains,48379,Anna,False,Bender,REP,Republican,99,S,Texas,2026-03-04T09:20:59.521Z,2456,1,0.9,21
169981,John Adefope,SR,Rains,48379,John,False,Adefope,REP,Republican,99,S,Texas,2026-03-04T09:20:59.521Z,2456,1,0.5,13
68154,Virgil Bierschwale,SR,Rains,48379,Virgil,False,Bierschwale,REP,Republican,99,S,Texas,2026-03-04T09:20:59.521Z,2456,0,0.2,5
160846,Gulrez Khan,SR,Rains,48379,Gulrez,False,Khan,REP,Republican,99,S,Texas,2026-03-04T09:20:59.521Z,2456,0,0.2,4
367,John Cornyn,SR,Randall,48381,John,True,Cornyn,REP,Republican,99,S,Texas,2026-03-04T09:17:12.999Z,18855,53,52.8,9961
58352,Ken Paxton,SR,Randall,48381,Ken,False,Paxton,REP,Republican,99,S,Texas,2026-03-04T09:17:12.999Z,18855,34,33.9,6395
68242,Wesley Hunt,SR,Randall,48381,Wesley,False,Hunt,REP,Republican,99,S,Texas,2026-03-04T09:17:12.999Z,18855,9,9.5,1789
169980,Anna Bender,SR,Randall,48381,Anna,False,Bender,REP,Republican,99,S,Texas,2026-03-04T09:17:12.999Z,18855,2,1.7,312
160846,Gulrez Khan,SR,Randall,48381,Gulrez,False,Khan,REP,Republican,99,S,Texas,2026-03-04T09:17:12.999Z,18855,1,0.9,171
69840,Sara Canady,SR,Randall,48381,Sara,False,Canady,REP,Republican,99,S,Texas,2026-03-04T09:17:12.999Z,18855,1,0.8,152
68154,Virgil Bierschwale,SR,Randall,48381,Virgil,False,Bierschwale,REP,Republican,99,S,Texas,2026-03-04T09:17:12.999Z,18855,0,0.3,53
169981,John Adefope,SR,Randall,48381,John,False,Adefope,REP,Republican,99,S,Texas,2026-03-04T09:17:12.999Z,18855,0,0.1,22
58352,Ken Paxton,SR,Reagan,48383,Ken,False,Paxton,REP,Republican,99,S,Texas,2026-03-04T08:00:28.271Z,475,44,43.6,207
367,John Cornyn,SR,Reagan,48383,John,True,Cornyn,REP,Republican,99,S,Texas,2026-03-04T08:00:28.271Z,475,34,34.3,163
68242,Wesley Hunt,SR,Reagan,48383,Wesley,False,Hunt,REP,Republican,99,S,Texas,2026-03-04T08:00:28.271Z,475,11,10.7,51
169980,Anna Bender,SR,Reagan,48383,Anna,False,Bender,REP,Republican,99,S,Texas,2026-03-04T08:00:28.271Z,475,7,7.4,35
69840,Sara Canady,SR,Reagan,48383,Sara,False,Canady,REP,Republican,99,S,Texas,2026-03-04T08:00:28.271Z,475,2,2.1,10
160846,Gulrez Khan,SR,Reagan,48383,Gulrez,False,Khan,REP,Republican,99,S,Texas,2026-03-04T08:00:28.271Z,475,1,1.1,5
169981,John Adefope,SR,Reagan,48383,John,False,Adefope,REP,Republican,99,S,Texas,2026-03-04T08:00:28.271Z,475,0,0.4,2
68154,Virgil Bierschwale,SR,Reagan,48383,Virgil,False,Bierschwale,REP,Republican,99,S,Texas,2026-03-04T08:00:28.271Z,475,0,0.4,2
58352,Ken Paxton,SR,Real,48385,Ken,False,Paxton,REP,Republican,99,S,Texas,2026-03-04T05:42:03.307Z,732,46,45.9,336
367,John Cornyn,SR,Real,48385,John,True,Cornyn,REP,Republican,99,S,Texas,2026-03-04T05:42:03.307Z,732,43,43.0,315
68242,Wesley Hunt,SR,Real,48385,Wesley,False,Hunt,REP,Republican,99,S,Texas,2026-03-04T05:42:03.307Z,732,8,8.3,61
68154,Virgil Bierschwale,SR,Real,48385,Virgil,False,Bierschwale,REP,Republican,99,S,Texas,2026-03-04T05:42:03.307Z,732,1,1.2,9
169980,Anna Bender,SR,Real,48385,Anna,False,Bender,REP,Republican,99,S,Texas,2026-03-04T05:42:03.307Z,732,1,1.0,7
69840,Sara Canady,SR,Real,48385,Sara,False,Canady,REP,Republican,99,S,Texas,2026-03-04T05:42:03.307Z,732,0,0.3,2
169981,John Adefope,SR,Real,48385,John,False,Adefope,REP,Republican,99,S,Texas,2026-03-04T05:42:03.307Z,732,0,0.1,1
160846,Gulrez Khan,SR,Real,48385,Gulrez,False,Khan,REP,Republican,99,S,Texas,2026-03-04T05:42:03.307Z,732,0,0.1,1
58352,Ken Paxton,SR,Red River,48387,Ken,False,Paxton,REP,Republican,99,S,Texas,2026-03-04T04:29:24.277Z,2040,44,44.1,900
367,John Cornyn,SR,Red River,48387,John,True,Cornyn,REP,Republican,99,S,Texas,2026-03-04T04:29:24.277Z,2040,35,35.4,722
68242,Wesley Hunt,SR,Red River,48387,Wesley,False,Hunt,REP,Republican,99,S,Texas,2026-03-04T04:29:24.277Z,2040,17,17.5,356
69840,Sara Canady,SR,Red River,48387,Sara,False,Canady,REP,Republican,99,S,Texas,2026-03-04T04:29:24.277Z,2040,1,1.4,29
169980,Anna Bender,SR,Red River,48387,Anna,False,Bender,REP,Republican,99,S,Texas,2026-03-04T04:29:24.277Z,2040,1,0.8,16
169981,John Adefope,SR,Red River,48387,John,False,Adefope,REP,Republican,99,S,Texas,2026-03-04T04:29:24.277Z,2040,1,0.5,11
160846,Gulrez Khan,SR,Red River,48387,Gulrez,False,Khan,REP,Republican,99,S,Texas,2026-03-04T04:29:24.277Z,2040,0,0.2,4
68154,Virgil Bierschwale,SR,Red River,48387,Virgil,False,Bierschwale,REP,Republican,99,S,Texas,2026-03-04T04:29:24.277Z,2040,0,0.1,2
58352,Ken Paxton,SR,Reeves,48389,Ken,False,Paxton,REP,Republican,99,S,Texas,2026-03-04T16:52:02.937Z,342,40,40.0,137
367,John Cornyn,SR,Reeves,48389,John,True,Cornyn,REP,Republican,99,S,Texas,2026-03-04T16:52:02.937Z,342,35,35.1,120
68242,Wesley Hunt,SR,Reeves,48389,Wesley,False,Hunt,REP,Republican,99,S,Texas,2026-03-04T16:52:02.937Z,342,13,12.9,44
160846,Gulrez Khan,SR,Reeves,48389,Gulrez,False,Khan,REP,Republican,99,S,Texas,2026-03-04T16:52:02.937Z,342,4,3.8,13
169980,Anna Bender,SR,Reeves,48389,Anna,False,Bender,REP,Republican,99,S,Texas,2026-03-04T16:52:02.937Z,342,4,3.5,12
69840,Sara Canady,SR,Reeves,48389,Sara,False,Canady,REP,Republican,99,S,Texas,2026-03-04T16:52:02.937Z,342,3,3.2,11
169981,John Adefope,SR,Reeves,48389,John,False,Adefope,REP,Republican,99,S,Texas,2026-03-04T16:52:02.937Z,342,1,1.2,4
68154,Virgil Bierschwale,SR,Reeves,48389,Virgil,False,Bierschwale,REP,Republican,99,S,Texas,2026-03-04T16:52:02.937Z,342,0,0.3,1
58352,Ken Paxton,SR,Refugio,48391,Ken,False,Paxton,REP,Republican,99,S,Texas,2026-03-04T06:10:47.255Z,1278,43,43.5,556
367,John Cornyn,SR,Refugio,48391,John,True,Cornyn,REP,Republican,99,S,Texas,2026-03-04T06:10:47.255Z,1278,41,40.5,518
68242,Wesley Hunt,SR,Refugio,48391,Wesley,False,Hunt,REP,Republican,99,S,Texas,2026-03-04T06:10:47.255Z,1278,10,9.9,126
69840,Sara Canady,SR,Refugio,48391,Sara,False,Canady,REP,Republican,99,S,Texas,2026-03-04T06:10:47.255Z,1278,2,2.3,29
169980,Anna Bender,SR,Refugio,48391,Anna,False,Bender,REP,Republican,99,S,Texas,2026-03-04T06:10:47.255Z,1278,2,1.6,21
160846,Gulrez Khan,SR,Refugio,48391,Gulrez,False,Khan,REP,Republican,99,S,Texas,2026-03-04T06:10:47.255Z,1278,1,1.3,16
169981,John Adefope,SR,Refugio,48391,John,False,Adefope,REP,Republican,99,S,Texas,2026-03-04T06:10:47.255Z,1278,1,0.5,7
68154,Virgil Bierschwale,SR,Refugio,48391,Virgil,False,Bierschwale,REP,Republican,99,S,Texas,2026-03-04T06:10:47.255Z,1278,0,0.4,5
58352,Ken Paxton,SR,Roberts,48393,Ken,False,Paxton,REP,Republican,99,S,Texas,2026-03-04T09:09:14.998Z,306,58,58.5,179
367,John Cornyn,SR,Roberts,48393,John,True,Cornyn,REP,Republican,99,S,Texas,2026-03-04T09:09:14.998Z,306,29,28.8,88
68242,Wesley Hunt,SR,Roberts,48393,Wesley,False,Hunt,REP,Republican,99,S,Texas,2026-03-04T09:09:14.998Z,306,8,8.2,25
69840,Sara Canady,SR,Roberts,48393,Sara,False,Canady,REP,Republican,99,S,Texas,2026-03-04T09:09:14.998Z,306,3,2.9,9
169980,Anna Bender,SR,Roberts,48393,Anna,False,Bender,REP,Republican,99,S,Texas,2026-03-04T09:09:14.998Z,306,1,1.3,4
160846,Gulrez Khan,SR,Roberts,48393,Gulrez,False,Khan,REP,Republican,99,S,Texas,2026-03-04T09:09:14.998Z,306,0,0.3,1
169981,John Adefope,SR,Roberts,48393,John,False,Adefope,REP,Republican,99,S,Texas,2026-03-04T09:09:14.998Z,306,0,0.0,0
68154,Virgil Bierschwale,SR,Roberts,48393,Virgil,False,Bierschwale,REP,Republican,99,S,Texas,2026-03-04T09:09:14.998Z,306,0,0.0,0
58352,Ken Paxton,SR,Robertson,48395,Ken,False,Paxton,REP,Republican,99,S,Texas,2026-03-04T04:14:56.400Z,2689,43,43.5,1169
367,John Cornyn,SR,Robertson,48395,John,True,Cornyn,REP,Republican,99,S,Texas,2026-03-04T04:14:56.400Z,2689,43,42.8,1151
68242,Wesley Hunt,SR,Robertson,48395,Wesley,False,Hunt,REP,Republican,99,S,Texas,2026-03-04T04:14:56.400Z,2689,10,10.4,281
169980,Anna Bender,SR,Robertson,48395,Anna,False,Bender,REP,Republican,99,S,Texas,2026-03-04T04:14:56.400Z,2689,1,1.2,33
69840,Sara Canady,SR,Robertson,48395,Sara,False,Canady,REP,Republican,99,S,Texas,2026-03-04T04:14:56.400Z,2689,1,1.0,28
68154,Virgil Bierschwale,SR,Robertson,48395,Virgil,False,Bierschwale,REP,Republican,99,S,Texas,2026-03-04T04:14:56.400Z,2689,0,0.5,13
160846,Gulrez Khan,SR,Robertson,48395,Gulrez,False,Khan,REP,Republican,99,S,Texas,2026-03-04T04:14:56.400Z,2689,0,0.3,8
169981,John Adefope,SR,Robertson,48395,John,False,Adefope,REP,Republican,99,S,Texas,2026-03-04T04:14:56.400Z,2689,0,0.2,6
58352,Ken Paxton,SR,Rockwall,48397,Ken,False,Paxton,REP,Republican,99,S,Texas,2026-03-04T16:13:36.088Z,17147,45,44.9,7702
367,John Cornyn,SR,Rockwall,48397,John,True,Cornyn,REP,Republican,99,S,Texas,2026-03-04T16:13:36.088Z,17147,38,37.9,6502
68242,Wesley Hunt,SR,Rockwall,48397,Wesley,False,Hunt,REP,Republican,99,S,Texas,2026-03-04T16:13:36.088Z,17147,14,14.4,2477
69840,Sara Canady,SR,Rockwall,48397,Sara,False,Canady,REP,Republican,99,S,Texas,2026-03-04T16:13:36.088Z,17147,1,1.0,169
169980,Anna Bender,SR,Rockwall,48397,Anna,False,Bender,REP,Republican,99,S,Texas,2026-03-04T16:13:36.088Z,17147,1,0.9,147
68154,Virgil Bierschwale,SR,Rockwall,48397,Virgil,False,Bierschwale,REP,Republican,99,S,Texas,2026-03-04T16:13:36.088Z,17147,0,0.3,56
160846,Gulrez Khan,SR,Rockwall,48397,Gulrez,False,Khan,REP,Republican,99,S,Texas,2026-03-04T16:13:36.088Z,17147,0,0.3,56
169981,John Adefope,SR,Rockwall,48397,John,False,Adefope,REP,Republican,99,S,Texas,2026-03-04T16:13:36.088Z,17147,0,0.2,38
367,John Cornyn,SR,Runnels,48399,John,True,Cornyn,REP,Republican,99,S,Texas,2026-03-04T07:45:38.893Z,1426,57,56.6,807
58352,Ken Paxton,SR,Runnels,48399,Ken,False,Paxton,REP,Republican,99,S,Texas,2026-03-04T07:45:38.893Z,1426,34,34.0,485
68242,Wesley Hunt,SR,Runnels,48399,Wesley,False,Hunt,REP,Republican,99,S,Texas,2026-03-04T07:45:38.893Z,1426,6,6.4,91
68154,Virgil Bierschwale,SR,Runnels,48399,Virgil,False,Bierschwale,REP,Republican,99,S,Texas,2026-03-04T07:45:38.893Z,1426,1,1.0,14
69840,Sara Canady,SR,Runnels,48399,Sara,False,Canady,REP,Republican,99,S,Texas,2026-03-04T07:45:38.893Z,1426,1,1.0,14
169980,Anna Bender,SR,Runnels,48399,Anna,False,Bender,REP,Republican,99,S,Texas,2026-03-04T07:45:38.893Z,1426,1,0.9,13
160846,Gulrez Khan,SR,Runnels,48399,Gulrez,False,Khan,REP,Republican,99,S,Texas,2026-03-04T07:45:38.893Z,1426,0,0.1,2
169981,John Adefope,SR,Runnels,48399,John,False,Adefope,REP,Republican,99,S,Texas,2026-03-04T07:45:38.893Z,1426,0,0.0,0
58352,Ken Paxton,SR,Rusk,48401,Ken,False,Paxton,REP,Republican,99,S,Texas,2026-03-04T17:12:05.513Z,6903,42,42.3,2919
367,John Cornyn,SR,Rusk,48401,John,True,Cornyn,REP,Republican,99,S,Texas,2026-03-04T17:12:05.513Z,6903,41,41.5,2862
68242,Wesley Hunt,SR,Rusk,48401,Wesley,False,Hunt,REP,Republican,99,S,Texas,2026-03-04T17:12:05.513Z,6903,12,12.2,846
69840,Sara Canady,SR,Rusk,48401,Sara,False,Canady,REP,Republican,99,S,Texas,2026-03-04T17:12:05.513Z,6903,2,2.2,151
169980,Anna Bender,SR,Rusk,48401,Anna,False,Bender,REP,Republican,99,S,Texas,2026-03-04T17:12:05.513Z,6903,1,0.8,59
160846,Gulrez Khan,SR,Rusk,48401,Gulrez,False,Khan,REP,Republican,99,S,Texas,2026-03-04T17:12:05.513Z,6903,0,0.4,27
169981,John Adefope,SR,Rusk,48401,John,False,Adefope,REP,Republican,99,S,Texas,2026-03-04T17:12:05.513Z,6903,0,0.3,20
68154,Virgil Bierschwale,SR,Rusk,48401,Virgil,False,Bierschwale,REP,Republican,99,S,Texas,2026-03-04T17:12:05.513Z,6903,0,0.3,19
58352,Ken Paxton,SR,Sabine,48403,Ken,False,Paxton,REP,Republican,99,S,Texas,2026-03-04T06:43:47.611Z,2625,57,56.7,1489
367,John Cornyn,SR,Sabine,48403,John,True,Cornyn,REP,Republican,99,S,Texas,2026-03-04T06:43:47.611Z,2625,31,30.9,810
68242,Wesley Hunt,SR,Sabine,48403,Wesley,False,Hunt,REP,Republican,99,S,Texas,2026-03-04T06:43:47.611Z,2625,9,8.9,234
69840,Sara Canady,SR,Sabine,48403,Sara,False,Canady,REP,Republican,99,S,Texas,2026-03-04T06:43:47.611Z,2625,2,1.7,44
169980,Anna Bender,SR,Sabine,48403,Anna,False,Bender,REP,Republican,99,S,Texas,2026-03-04T06:43:47.611Z,2625,1,0.9,24
160846,Gulrez Khan,SR,Sabine,48403,Gulrez,False,Khan,REP,Republican,99,S,Texas,2026-03-04T06:43:47.611Z,2625,0,0.5,13
169981,John Adefope,SR,Sabine,48403,John,False,Adefope,REP,Republican,99,S,Texas,2026-03-04T06:43:47.611Z,2625,0,0.4,10
68154,Virgil Bierschwale,SR,Sabine,48403,Virgil,False,Bierschwale,REP,Republican,99,S,Texas,2026-03-04T06:43:47.611Z,2625,0,0.0,1
58352,Ken Paxton,SR,San Augustine,48405,Ken,False,Paxton,REP,Republican,97,S,Texas,2026-03-04T09:19:15.523Z,1749,53,53.1,929
367,John Cornyn,SR,San Augustine,48405,John,True,Cornyn,REP,Republican,97,S,Texas,2026-03-04T09:19:15.523Z,1749,33,32.6,571
68242,Wesley Hunt,SR,San Augustine,48405,Wesley,False,Hunt,REP,Republican,97,S,Texas,2026-03-04T09:19:15.523Z,1749,12,11.8,207
69840,Sara Canady,SR,San Augustine,48405,Sara,False,Canady,REP,Republican,97,S,Texas,2026-03-04T09:19:15.523Z,1749,1,1.0,17
169980,Anna Bender,SR,San Augustine,48405,Anna,False,Bender,REP,Republican,97,S,Texas,2026-03-04T09:19:15.523Z,1749,1,0.6,10
68154,Virgil Bierschwale,SR,San Augustine,48405,Virgil,False,Bierschwale,REP,Republican,97,S,Texas,2026-03-04T09:19:15.523Z,1749,0,0.5,8
169981,John Adefope,SR,San Augustine,48405,John,False,Adefope,REP,Republican,97,S,Texas,2026-03-04T09:19:15.523Z,1749,0,0.2,4
160846,Gulrez Khan,SR,San Augustine,48405,Gulrez,False,Khan,REP,Republican,97,S,Texas,2026-03-04T09:19:15.523Z,1749,0,0.2,3
58352,Ken Paxton,SR,San Jacinto,48407,Ken,False,Paxton,REP,Republican,99,S,Texas,2026-03-04T17:12:05.513Z,4902,48,48.1,2361
367,John Cornyn,SR,San Jacinto,48407,John,True,Cornyn,REP,Republican,99,S,Texas,2026-03-04T17:12:05.513Z,4902,32,32.2,1581
68242,Wesley Hunt,SR,San Jacinto,48407,Wesley,False,Hunt,REP,Republican,99,S,Texas,2026-03-04T17:12:05.513Z,4902,15,14.7,720
169980,Anna Bender,SR,San Jacinto,48407,Anna,False,Bender,REP,Republican,99,S,Texas,2026-03-04T17:12:05.513Z,4902,2,2.3,111
69840,Sara Canady,SR,San Jacinto,48407,Sara,False,Canady,REP,Republican,99,S,Texas,2026-03-04T17:12:05.513Z,4902,1,1.2,60
68154,Virgil Bierschwale,SR,San Jacinto,48407,Virgil,False,Bierschwale,REP,Republican,99,S,Texas,2026-03-04T17:12:05.513Z,4902,1,0.6,28
160846,Gulrez Khan,SR,San Jacinto,48407,Gulrez,False,Khan,REP,Republican,99,S,Texas,2026-03-04T17:12:05.513Z,4902,0,0.5,23
169981,John Adefope,SR,San Jacinto,48407,John,False,Adefope,REP,Republican,99,S,Texas,2026-03-04T17:12:05.513Z,4902,0,0.4,18
58352,Ken Paxton,SR,San Patricio,48409,Ken,False,Paxton,REP,Republican,99,S,Texas,2026-03-04T09:09:23.543Z,5978,44,44.0,2633
367,John Cornyn,SR,San Patricio,48409,John,True,Cornyn,REP,Republican,99,S,Texas,2026-03-04T09:09:23.543Z,5978,40,39.9,2383
68242,Wesley Hunt,SR,San Patricio,48409,Wesley,False,Hunt,REP,Republican,99,S,Texas,2026-03-04T09:09:23.543Z,5978,11,11.3,678
169981,John Adefope,SR,San Patricio,48409,John,False,Adefope,REP,Republican,99,S,Texas,2026-03-04T09:09:23.543Z,5978,1,1.4,85
69840,Sara Canady,SR,San Patricio,48409,Sara,False,Canady,REP,Republican,99,S,Texas,2026-03-04T09:09:23.543Z,5978,1,1.3,75
169980,Anna Bender,SR,San Patricio,48409,Anna,False,Bender,REP,Republican,99,S,Texas,2026-03-04T09:09:23.543Z,5978,1,1.1,68
160846,Gulrez Khan,SR,San Patricio,48409,Gulrez,False,Khan,REP,Republican,99,S,Texas,2026-03-04T09:09:23.543Z,5978,1,0.5,30
68154,Virgil Bierschwale,SR,San Patricio,48409,Virgil,False,Bierschwale,REP,Republican,99,S,Texas,2026-03-04T09:09:23.543Z,5978,0,0.4,26
58352,Ken Paxton,SR,San Saba,48411,Ken,False,Paxton,REP,Republican,97,S,Texas,2026-03-04T04:17:34.775Z,1197,46,46.3,554
367,John Cornyn,SR,San Saba,48411,John,True,Cornyn,REP,Republican,97,S,Texas,2026-03-04T04:17:34.775Z,1197,40,39.5,473
68242,Wesley Hunt,SR,San Saba,48411,Wesley,False,Hunt,REP,Republican,97,S,Texas,2026-03-04T04:17:34.775Z,1197,10,10.4,124
169980,Anna Bender,SR,San Saba,48411,Anna,False,Bender,REP,Republican,97,S,Texas,2026-03-04T04:17:34.775Z,1197,2,1.5,18
69840,Sara Canady,SR,San Saba,48411,Sara,False,Canady,REP,Republican,97,S,Texas,2026-03-04T04:17:34.775Z,1197,1,1.2,14
68154,Virgil Bierschwale,SR,San Saba,48411,Virgil,False,Bierschwale,REP,Republican,97,S,Texas,2026-03-04T04:17:34.775Z,1197,1,0.6,7
160846,Gulrez Khan,SR,San Saba,48411,Gulrez,False,Khan,REP,Republican,97,S,Texas,2026-03-04T04:17:34.775Z,1197,0,0.3,4
169981,John Adefope,SR,San Saba,48411,John,False,Adefope,REP,Republican,97,S,Texas,2026-03-04T04:17:34.775Z,1197,0,0.2,3
367,John Cornyn,SR,Schleicher,48413,John,True,Cornyn,REP,Republican,99,S,Texas,2026-03-04T06:10:52.071Z,592,48,48.3,286
58352,Ken Paxton,SR,Schleicher,48413,Ken,False,Paxton,REP,Republican,99,S,Texas,2026-03-04T06:10:52.071Z,592,32,32.1,190
68242,Wesley Hunt,SR,Schleicher,48413,Wesley,False,Hunt,REP,Republican,99,S,Texas,2026-03-04T06:10:52.071Z,592,10,10.3,61
169980,Anna Bender,SR,Schleicher,48413,Anna,False,Bender,REP,Republican,99,S,Texas,2026-03-04T06:10:52.071Z,592,4,3.7,22
69840,Sara Canady,SR,Schleicher,48413,Sara,False,Canady,REP,Republican,99,S,Texas,2026-03-04T06:10:52.071Z,592,3,2.9,17
169981,John Adefope,SR,Schleicher,48413,John,False,Adefope,REP,Republican,99,S,Texas,2026-03-04T06:10:52.071Z,592,1,1.0,6
68154,Virgil Bierschwale,SR,Schleicher,48413,Virgil,False,Bierschwale,REP,Republican,99,S,Texas,2026-03-04T06:10:52.071Z,592,1,0.8,5
160846,Gulrez Khan,SR,Schleicher,48413,Gulrez,False,Khan,REP,Republican,99,S,Texas,2026-03-04T06:10:52.071Z,592,1,0.8,5
367,John Cornyn,SR,Scurry,48415,John,True,Cornyn,REP,Republican,99,S,Texas,2026-03-04T17:11:55.413Z,2021,46,46.5,939
58352,Ken Paxton,SR,Scurry,48415,Ken,False,Paxton,REP,Republican,99,S,Texas,2026-03-04T17:11:55.413Z,2021,39,39.2,793
68242,Wesley Hunt,SR,Scurry,48415,Wesley,False,Hunt,REP,Republican,99,S,Texas,2026-03-04T17:11:55.413Z,2021,10,10.2,207
69840,Sara Canady,SR,Scurry,48415,Sara,False,Canady,REP,Republican,99,S,Texas,2026-03-04T17:11:55.413Z,2021,2,1.9,39
169980,Anna Bender,SR,Scurry,48415,Anna,False,Bender,REP,Republican,99,S,Texas,2026-03-04T17:11:55.413Z,2021,1,0.7,15
160846,Gulrez Khan,SR,Scurry,48415,Gulrez,False,Khan,REP,Republican,99,S,Texas,2026-03-04T17:11:55.413Z,2021,1,0.7,14
68154,Virgil Bierschwale,SR,Scurry,48415,Virgil,False,Bierschwale,REP,Republican,99,S,Texas,2026-03-04T17:11:55.413Z,2021,0,0.4,9
169981,John Adefope,SR,Scurry,48415,John,False,Adefope,REP,Republican,99,S,Texas,2026-03-04T17:11:55.413Z,2021,0,0.2,5
367,John Cornyn,SR,Shackelford,48417,John,True,Cornyn,REP,Republican,99,S,Texas,2026-03-04T04:14:56.400Z,648,49,48.8,316
58352,Ken Paxton,SR,Shackelford,48417,Ken,False,Paxton,REP,Republican,99,S,Texas,2026-03-04T04:14:56.400Z,648,41,40.9,265
68242,Wesley Hunt,SR,Shackelford,48417,Wesley,False,Hunt,REP,Republican,99,S,Texas,2026-03-04T04:14:56.400Z,648,9,8.8,57
68154,Virgil Bierschwale,SR,Shackelford,48417,Virgil,False,Bierschwale,REP,Republican,99,S,Texas,2026-03-04T04:14:56.400Z,648,0,0.5,3
69840,Sara Canady,SR,Shackelford,48417,Sara,False,Canady,REP,Republican,99,S,Texas,2026-03-04T04:14:56.400Z,648,0,0.5,3
169980,Anna Bender,SR,Shackelford,48417,Anna,False,Bender,REP,Republican,99,S,Texas,2026-03-04T04:14:56.400Z,648,0,0.3,2
169981,John Adefope,SR,Shackelford,48417,John,False,Adefope,REP,Republican,99,S,Texas,2026-03-04T04:14:56.400Z,648,0,0.1,1
160846,Gulrez Khan,SR,Shackelford,48417,Gulrez,False,Khan,REP,Republican,99,S,Texas,2026-03-04T04:14:56.400Z,648,0,0.1,1
58352,Ken Paxton,SR,Shelby,48419,Ken,False,Paxton,REP,Republican,99,S,Texas,2026-03-04T17:11:55.413Z,3343,52,52.0,1738
367,John Cornyn,SR,Shelby,48419,John,True,Cornyn,REP,Republican,99,S,Texas,2026-03-04T17:11:55.413Z,3343,34,33.5,1121
68242,Wesley Hunt,SR,Shelby,48419,Wesley,False,Hunt,REP,Republican,99,S,Texas,2026-03-04T17:11:55.413Z,3343,12,12.3,410
169980,Anna Bender,SR,Shelby,48419,Anna,False,Bender,REP,Republican,99,S,Texas,2026-03-04T17:11:55.413Z,3343,1,0.9,31
69840,Sara Canady,SR,Shelby,48419,Sara,False,Canady,REP,Republican,99,S,Texas,2026-03-04T17:11:55.413Z,3343,1,0.8,28
160846,Gulrez Khan,SR,Shelby,48419,Gulrez,False,Khan,REP,Republican,99,S,Texas,2026-03-04T17:11:55.413Z,3343,0,0.2,6
68154,Virgil Bierschwale,SR,Shelby,48419,Virgil,False,Bierschwale,REP,Republican,99,S,Texas,2026-03-04T17:11:55.413Z,3343,0,0.1,5
169981,John Adefope,SR,Shelby,48419,John,False,Adefope,REP,Republican,99,S,Texas,2026-03-04T17:11:55.413Z,3343,0,0.1,4
58352,Ken Paxton,SR,Sherman,48421,Ken,False,Paxton,REP,Republican,99,S,Texas,2026-03-04T06:00:24.006Z,343,43,43.1,148
367,John Cornyn,SR,Sherman,48421,John,True,Cornyn,REP,Republican,99,S,Texas,2026-03-04T06:00:24.006Z,343,42,41.7,143
68242,Wesley Hunt,SR,Sherman,48421,Wesley,False,Hunt,REP,Republican,99,S,Texas,2026-03-04T06:00:24.006Z,343,10,10.2,35
169980,Anna Bender,SR,Sherman,48421,Anna,False,Bender,REP,Republican,99,S,Texas,2026-03-04T06:00:24.006Z,343,2,2.3,8
69840,Sara Canady,SR,Sherman,48421,Sara,False,Canady,REP,Republican,99,S,Texas,2026-03-04T06:00:24.006Z,343,1,1.5,5
169981,John Adefope,SR,Sherman,48421,John,False,Adefope,REP,Republican,99,S,Texas,2026-03-04T06:00:24.006Z,343,1,0.6,2
160846,Gulrez Khan,SR,Sherman,48421,Gulrez,False,Khan,REP,Republican,99,S,Texas,2026-03-04T06:00:24.006Z,343,1,0.6,2
68154,Virgil Bierschwale,SR,Sherman,48421,Virgil,False,Bierschwale,REP,Republican,99,S,Texas,2026-03-04T06:00:24.006Z,343,0,0.0,0
367,John Cornyn,SR,Smith,48423,John,True,Cornyn,REP,Republican,99,S,Texas,2026-03-04T07:34:10.475Z,29121,48,48.1,14016
58352,Ken Paxton,SR,Smith,48423,Ken,False,Paxton,REP,Republican,99,S,Texas,2026-03-04T07:34:10.475Z,29121,37,36.8,10722
68242,Wesley Hunt,SR,Smith,48423,Wesley,False,Hunt,REP,Republican,99,S,Texas,2026-03-04T07:34:10.475Z,29121,13,12.7,3702
69840,Sara Canady,SR,Smith,48423,Sara,False,Canady,REP,Republican,99,S,Texas,2026-03-04T07:34:10.475Z,29121,1,0.9,264
169980,Anna Bender,SR,Smith,48423,Anna,False,Bender,REP,Republican,99,S,Texas,2026-03-04T07:34:10.475Z,29121,1,0.5,147
169981,John Adefope,SR,Smith,48423,John,False,Adefope,REP,Republican,99,S,Texas,2026-03-04T07:34:10.475Z,29121,0,0.4,109
160846,Gulrez Khan,SR,Smith,48423,Gulrez,False,Khan,REP,Republican,99,S,Texas,2026-03-04T07:34:10.475Z,29121,0,0.3,90
68154,Virgil Bierschwale,SR,Smith,48423,Virgil,False,Bierschwale,REP,Republican,99,S,Texas,2026-03-04T07:34:10.475Z,29121,0,0.2,71
58352,Ken Paxton,SR,Somervell,48425,Ken,False,Paxton,REP,Republican,99,S,Texas,2026-03-04T17:11:46.829Z,2325,43,42.9,997
367,John Cornyn,SR,Somervell,48425,John,True,Cornyn,REP,Republican,99,S,Texas,2026-03-04T17:11:46.829Z,2325,38,38.3,890
68242,Wesley Hunt,SR,Somervell,48425,Wesley,False,Hunt,REP,Republican,99,S,Texas,2026-03-04T17:11:46.829Z,2325,16,15.6,363
169980,Anna Bender,SR,Somervell,48425,Anna,False,Bender,REP,Republican,99,S,Texas,2026-03-04T17:11:46.829Z,2325,1,1.3,31
69840,Sara Canady,SR,Somervell,48425,Sara,False,Canady,REP,Republican,99,S,Texas,2026-03-04T17:11:46.829Z,2325,1,0.7,17
160846,Gulrez Khan,SR,Somervell,48425,Gulrez,False,Khan,REP,Republican,99,S,Texas,2026-03-04T17:11:46.829Z,2325,1,0.5,12
169981,John Adefope,SR,Somervell,48425,John,False,Adefope,REP,Republican,99,S,Texas,2026-03-04T17:11:46.829Z,2325,0,0.4,9
68154,Virgil Bierschwale,SR,Somervell,48425,Virgil,False,Bierschwale,REP,Republican,99,S,Texas,2026-03-04T17:11:46.829Z,2325,0,0.3,6
367,John Cornyn,SR,Starr,48427,John,True,Cornyn,REP,Republican,99,S,Texas,2026-03-04T17:11:38.121Z,299,39,39.1,117
58352,Ken Paxton,SR,Starr,48427,Ken,False,Paxton,REP,Republican,99,S,Texas,2026-03-04T17:11:38.121Z,299,36,36.4,109
68242,Wesley Hunt,SR,Starr,48427,Wesley,False,Hunt,REP,Republican,99,S,Texas,2026-03-04T17:11:38.121Z,299,8,7.7,23
160846,Gulrez Khan,SR,Starr,48427,Gulrez,False,Khan,REP,Republican,99,S,Texas,2026-03-04T17:11:38.121Z,299,7,7.0,21
169980,Anna Bender,SR,Starr,48427,Anna,False,Bender,REP,Republican,99,S,Texas,2026-03-04T17:11:38.121Z,299,4,3.7,11
69840,Sara Canady,SR,Starr,48427,Sara,False,Canady,REP,Republican,99,S,Texas,2026-03-04T17:11:38.121Z,299,3,2.7,8
169981,John Adefope,SR,Starr,48427,John,False,Adefope,REP,Republican,99,S,Texas,2026-03-04T17:11:38.121Z,299,1,1.7,5
68154,Virgil Bierschwale,SR,Starr,48427,Virgil,False,Bierschwale,REP,Republican,99,S,Texas,2026-03-04T17:11:38.121Z,299,1,1.7,5
367,John Cornyn,SR,Stephens,48429,John,True,Cornyn,REP,Republican,99,S,Texas,2026-03-04T05:12:51.691Z,1703,48,48.5,826
58352,Ken Paxton,SR,Stephens,48429,Ken,False,Paxton,REP,Republican,99,S,Texas,2026-03-04T05:12:51.691Z,1703,38,38.5,656
68242,Wesley Hunt,SR,Stephens,48429,Wesley,False,Hunt,REP,Republican,99,S,Texas,2026-03-04T05:12:51.691Z,1703,8,7.9,134
69840,Sara Canady,SR,Stephens,48429,Sara,False,Canady,REP,Republican,99,S,Texas,2026-03-04T05:12:51.691Z,1703,2,1.9,33
169980,Anna Bender,SR,Stephens,48429,Anna,False,Bender,REP,Republican,99,S,Texas,2026-03-04T05:12:51.691Z,1703,2,1.6,28
68154,Virgil Bierschwale,SR,Stephens,48429,Virgil,False,Bierschwale,REP,Republican,99,S,Texas,2026-03-04T05:12:51.691Z,1703,1,0.7,12
160846,Gulrez Khan,SR,Stephens,48429,Gulrez,False,Khan,REP,Republican,99,S,Texas,2026-03-04T05:12:51.691Z,1703,1,0.6,10
169981,John Adefope,SR,Stephens,48429,John,False,Adefope,REP,Republican,99,S,Texas,2026-03-04T05:12:51.691Z,1703,0,0.2,4
367,John Cornyn,SR,Sterling,48431,John,True,Cornyn,REP,Republican,99,S,Texas,2026-03-04T09:21:41.098Z,216,54,53.7,116
58352,Ken Paxton,SR,Sterling,48431,Ken,False,Paxton,REP,Republican,99,S,Texas,2026-03-04T09:21:41.098Z,216,32,32.4,70
68242,Wesley Hunt,SR,Sterling,48431,Wesley,False,Hunt,REP,Republican,99,S,Texas,2026-03-04T09:21:41.098Z,216,9,9.2,20
69840,Sara Canady,SR,Sterling,48431,Sara,False,Canady,REP,Republican,99,S,Texas,2026-03-04T09:21:41.098Z,216,3,2.8,6
169980,Anna Bender,SR,Sterling,48431,Anna,False,Bender,REP,Republican,99,S,Texas,2026-03-04T09:21:41.098Z,216,1,1.4,3
68154,Virgil Bierschwale,SR,Sterling,48431,Virgil,False,Bierschwale,REP,Republican,99,S,Texas,2026-03-04T09:21:41.098Z,216,0,0.5,1
169981,John Adefope,SR,Sterling,48431,John,False,Adefope,REP,Republican,99,S,Texas,2026-03-04T09:21:41.098Z,216,0,0.0,0
160846,Gulrez Khan,SR,Sterling,48431,Gulrez,False,Khan,REP,Republican,99,S,Texas,2026-03-04T09:21:41.098Z,216,0,0.0,0
58352,Ken Paxton,SR,Stonewall,48433,Ken,False,Paxton,REP,Republican,99,S,Texas,2026-03-04T15:20:51.410Z,236,45,44.9,106
367,John Cornyn,SR,Stonewall,48433,John,True,Cornyn,REP,Republican,99,S,Texas,2026-03-04T15:20:51.410Z,236,42,42.4,100
68242,Wesley Hunt,SR,Stonewall,48433,Wesley,False,Hunt,REP,Republican,99,S,Texas,2026-03-04T15:20:51.410Z,236,10,9.7,23
69840,Sara Canady,SR,Stonewall,48433,Sara,False,Canady,REP,Republican,99,S,Texas,2026-03-04T15:20:51.410Z,236,1,1.3,3
160846,Gulrez Khan,SR,Stonewall,48433,Gulrez,False,Khan,REP,Republican,99,S,Texas,2026-03-04T15:20:51.410Z,236,1,0.8,2
169980,Anna Bender,SR,Stonewall,48433,Anna,False,Bender,REP,Republican,99,S,Texas,2026-03-04T15:20:51.410Z,236,0,0.4,1
68154,Virgil Bierschwale,SR,Stonewall,48433,Virgil,False,Bierschwale,REP,Republican,99,S,Texas,2026-03-04T15:20:51.410Z,236,0,0.4,1
169981,John Adefope,SR,Stonewall,48433,John,False,Adefope,REP,Republican,99,S,Texas,2026-03-04T15:20:51.410Z,236,0,0.0,0
367,John Cornyn,SR,Sutton,48435,John,True,Cornyn,REP,Republican,99,S,Texas,2026-03-04T15:54:56.040Z,551,46,46.5,256
58352,Ken Paxton,SR,Sutton,48435,Ken,False,Paxton,REP,Republican,99,S,Texas,2026-03-04T15:54:56.040Z,551,38,37.9,209
68242,Wesley Hunt,SR,Sutton,48435,Wesley,False,Hunt,REP,Republican,99,S,Texas,2026-03-04T15:54:56.040Z,551,10,10.0,55
69840,Sara Canady,SR,Sutton,48435,Sara,False,Canady,REP,Republican,99,S,Texas,2026-03-04T15:54:56.040Z,551,2,2.2,12
68154,Virgil Bierschwale,SR,Sutton,48435,Virgil,False,Bierschwale,REP,Republican,99,S,Texas,2026-03-04T15:54:56.040Z,551,2,1.6,9
169980,Anna Bender,SR,Sutton,48435,Anna,False,Bender,REP,Republican,99,S,Texas,2026-03-04T15:54:56.040Z,551,1,1.1,6
169981,John Adefope,SR,Sutton,48435,John,False,Adefope,REP,Republican,99,S,Texas,2026-03-04T15:54:56.040Z,551,1,0.5,3
160846,Gulrez Khan,SR,Sutton,48435,Gulrez,False,Khan,REP,Republican,99,S,Texas,2026-03-04T15:54:56.040Z,551,0,0.2,1
58352,Ken Paxton,SR,Swisher,48437,Ken,False,Paxton,REP,Republican,99,S,Texas,2026-03-04T16:26:23.183Z,747,50,49.7,371
367,John Cornyn,SR,Swisher,48437,John,True,Cornyn,REP,Republican,99,S,Texas,2026-03-04T16:26:23.183Z,747,39,39.5,295
68242,Wesley Hunt,SR,Swisher,48437,Wesley,False,Hunt,REP,Republican,99,S,Texas,2026-03-04T16:26:23.183Z,747,8,7.6,57
68154,Virgil Bierschwale,SR,Swisher,48437,Virgil,False,Bierschwale,REP,Republican,99,S,Texas,2026-03-04T16:26:23.183Z,747,1,0.9,7
169981,John Adefope,SR,Swisher,48437,John,False,Adefope,REP,Republican,99,S,Texas,2026-03-04T16:26:23.183Z,747,1,0.8,6
160846,Gulrez Khan,SR,Swisher,48437,Gulrez,False,Khan,REP,Republican,99,S,Texas,2026-03-04T16:26:23.183Z,747,1,0.7,5
69840,Sara Canady,SR,Swisher,48437,Sara,False,Canady,REP,Republican,99,S,Texas,2026-03-04T16:26:23.183Z,747,0,0.5,4
169980,Anna Bender,SR,Swisher,48437,Anna,False,Bender,REP,Republican,99,S,Texas,2026-03-04T16:26:23.183Z,747,0,0.3,2
367,John Cornyn,SR,Tarrant,48439,John,True,Cornyn,REP,Republican,99,S,Texas,2026-03-04T16:26:13.697Z,145329,45,45.0,65350
58352,Ken Paxton,SR,Tarrant,48439,Ken,False,Paxton,REP,Republican,99,S,Texas,2026-03-04T16:26:13.697Z,145329,38,38.0,55211
68242,Wesley Hunt,SR,Tarrant,48439,Wesley,False,Hunt,REP,Republican,99,S,Texas,2026-03-04T16:26:13.697Z,145329,14,13.5,19679
169981,John Adefope,SR,Tarrant,48439,John,False,Adefope,REP,Republican,99,S,Texas,2026-03-04T16:26:13.697Z,145329,1,1.1,1547
169980,Anna Bender,SR,Tarrant,48439,Anna,False,Bender,REP,Republican,99,S,Texas,2026-03-04T16:26:13.697Z,145329,1,0.9,1355
69840,Sara Canady,SR,Tarrant,48439,Sara,False,Canady,REP,Republican,99,S,Texas,2026-03-04T16:26:13.697Z,145329,1,0.9,1242
160846,Gulrez Khan,SR,Tarrant,48439,Gulrez,False,Khan,REP,Republican,99,S,Texas,2026-03-04T16:26:13.697Z,145329,0,0.4,626
68154,Virgil Bierschwale,SR,Tarrant,48439,Virgil,False,Bierschwale,REP,Republican,99,S,Texas,2026-03-04T16:26:13.697Z,145329,0,0.2,319
367,John Cornyn,SR,Taylor,48441,John,True,Cornyn,REP,Republican,99,S,Texas,2026-03-04T09:02:59.183Z,15361,52,51.6,7932
58352,Ken Paxton,SR,Taylor,48441,Ken,False,Paxton,REP,Republican,99,S,Texas,2026-03-04T09:02:59.183Z,15361,35,35.1,5399
68242,Wesley Hunt,SR,Taylor,48441,Wesley,False,Hunt,REP,Republican,99,S,Texas,2026-03-04T09:02:59.183Z,15361,10,9.7,1493
69840,Sara Canady,SR,Taylor,48441,Sara,False,Canady,REP,Republican,99,S,Texas,2026-03-04T09:02:59.183Z,15361,1,1.1,172
169980,Anna Bender,SR,Taylor,48441,Anna,False,Bender,REP,Republican,99,S,Texas,2026-03-04T09:02:59.183Z,15361,1,1.0,152
160846,Gulrez Khan,SR,Taylor,48441,Gulrez,False,Khan,REP,Republican,99,S,Texas,2026-03-04T09:02:59.183Z,15361,1,0.7,108
169981,John Adefope,SR,Taylor,48441,John,False,Adefope,REP,Republican,99,S,Texas,2026-03-04T09:02:59.183Z,15361,0,0.4,54
68154,Virgil Bierschwale,SR,Taylor,48441,Virgil,False,Bierschwale,REP,Republican,99,S,Texas,2026-03-04T09:02:59.183Z,15361,0,0.3,51
58352,Ken Paxton,SR,Terrell,48443,Ken,False,Paxton,REP,Republican,99,S,Texas,2026-03-04T16:53:56.312Z,133,44,43.6,58
367,John Cornyn,SR,Terrell,48443,John,True,Cornyn,REP,Republican,99,S,Texas,2026-03-04T16:53:56.312Z,133,35,34.6,46
68242,Wesley Hunt,SR,Terrell,48443,Wesley,False,Hunt,REP,Republican,99,S,Texas,2026-03-04T16:53:56.312Z,133,16,15.8,21
169981,John Adefope,SR,Terrell,48443,John,False,Adefope,REP,Republican,99,S,Texas,2026-03-04T16:53:56.312Z,133,1,1.5,2
169980,Anna Bender,SR,Terrell,48443,Anna,False,Bender,REP,Republican,99,S,Texas,2026-03-04T16:53:56.312Z,133,1,1.5,2
69840,Sara Canady,SR,Terrell,48443,Sara,False,Canady,REP,Republican,99,S,Texas,2026-03-04T16:53:56.312Z,133,1,1.5,2
160846,Gulrez Khan,SR,Terrell,48443,Gulrez,False,Khan,REP,Republican,99,S,Texas,2026-03-04T16:53:56.312Z,133,1,1.5,2
68154,Virgil Bierschwale,SR,Terrell,48443,Virgil,False,Bierschwale,REP,Republican,99,S,Texas,2026-03-04T16:53:56.312Z,133,0,0.0,0
58352,Ken Paxton,SR,Terry,48445,Ken,False,Paxton,REP,Republican,95,S,Texas,2026-03-04T09:23:59.588Z,1279,41,40.7,521
367,John Cornyn,SR,Terry,48445,John,True,Cornyn,REP,Republican,95,S,Texas,2026-03-04T09:23:59.588Z,1279,40,39.6,506
68242,Wesley Hunt,SR,Terry,48445,Wesley,False,Hunt,REP,Republican,95,S,Texas,2026-03-04T09:23:59.588Z,1279,12,11.9,152
69840,Sara Canady,SR,Terry,48445,Sara,False,Canady,REP,Republican,95,S,Texas,2026-03-04T09:23:59.588Z,1279,4,4.0,51
169980,Anna Bender,SR,Terry,48445,Anna,False,Bender,REP,Republican,95,S,Texas,2026-03-04T09:23:59.588Z,1279,1,1.2,16
160846,Gulrez Khan,SR,Terry,48445,Gulrez,False,Khan,REP,Republican,95,S,Texas,2026-03-04T09:23:59.588Z,1279,1,1.2,16
169981,John Adefope,SR,Terry,48445,John,False,Adefope,REP,Republican,95,S,Texas,2026-03-04T09:23:59.588Z,1279,1,0.8,10
68154,Virgil Bierschwale,SR,Terry,48445,Virgil,False,Bierschwale,REP,Republican,95,S,Texas,2026-03-04T09:23:59.588Z,1279,0,0.5,7
367,John Cornyn,SR,Throckmorton,48447,John,True,Cornyn,REP,Republican,99,S,Texas,2026-03-04T17:10:46.956Z,301,47,47.2,142
58352,Ken Paxton,SR,Throckmorton,48447,Ken,False,Paxton,REP,Republican,99,S,Texas,2026-03-04T17:10:46.956Z,301,40,40.5,122
68242,Wesley Hunt,SR,Throckmorton,48447,Wesley,False,Hunt,REP,Republican,99,S,Texas,2026-03-04T17:10:46.956Z,301,8,8.0,24
160846,Gulrez Khan,SR,Throckmorton,48447,Gulrez,False,Khan,REP,Republican,99,S,Texas,2026-03-04T17:10:46.956Z,301,2,1.6,5
169980,Anna Bender,SR,Throckmorton,48447,Anna,False,Bender,REP,Republican,99,S,Texas,2026-03-04T17:10:46.956Z,301,1,1.0,3
169981,John Adefope,SR,Throckmorton,48447,John,False,Adefope,REP,Republican,99,S,Texas,2026-03-04T17:10:46.956Z,301,1,0.7,2
68154,Virgil Bierschwale,SR,Throckmorton,48447,Virgil,False,Bierschwale,REP,Republican,99,S,Texas,2026-03-04T17:10:46.956Z,301,1,0.7,2
69840,Sara Canady,SR,Throckmorton,48447,Sara,False,Canady,REP,Republican,99,S,Texas,2026-03-04T17:10:46.956Z,301,0,0.3,1
58352,Ken Paxton,SR,Titus,48449,Ken,False,Paxton,REP,Republican,99,S,Texas,2026-03-04T09:15:50.546Z,4019,42,42.4,1705
367,John Cornyn,SR,Titus,48449,John,True,Cornyn,REP,Republican,99,S,Texas,2026-03-04T09:15:50.546Z,4019,41,40.7,1635
68242,Wesley Hunt,SR,Titus,48449,Wesley,False,Hunt,REP,Republican,99,S,Texas,2026-03-04T09:15:50.546Z,4019,12,11.5,463
69840,Sara Canady,SR,Titus,48449,Sara,False,Canady,REP,Republican,99,S,Texas,2026-03-04T09:15:50.546Z,4019,2,2.2,88
169980,Anna Bender,SR,Titus,48449,Anna,False,Bender,REP,Republican,99,S,Texas,2026-03-04T09:15:50.546Z,4019,1,1.3,52
160846,Gulrez Khan,SR,Titus,48449,Gulrez,False,Khan,REP,Republican,99,S,Texas,2026-03-04T09:15:50.546Z,4019,1,1.2,47
169981,John Adefope,SR,Titus,48449,John,False,Adefope,REP,Republican,99,S,Texas,2026-03-04T09:15:50.546Z,4019,0,0.4,18
68154,Virgil Bierschwale,SR,Titus,48449,Virgil,False,Bierschwale,REP,Republican,99,S,Texas,2026-03-04T09:15:50.546Z,4019,0,0.3,11
367,John Cornyn,SR,Tom Green,48451,John,True,Cornyn,REP,Republican,99,S,Texas,2026-03-04T17:10:36.335Z,11676,49,48.7,5693
58352,Ken Paxton,SR,Tom Green,48451,Ken,False,Paxton,REP,Republican,99,S,Texas,2026-03-04T17:10:36.335Z,11676,37,37.1,4327
68242,Wesley Hunt,SR,Tom Green,48451,Wesley,False,Hunt,REP,Republican,99,S,Texas,2026-03-04T17:10:36.335Z,11676,9,9.1,1061
69840,Sara Canady,SR,Tom Green,48451,Sara,False,Canady,REP,Republican,99,S,Texas,2026-03-04T17:10:36.335Z,11676,2,2.5,288
169980,Anna Bender,SR,Tom Green,48451,Anna,False,Bender,REP,Republican,99,S,Texas,2026-03-04T17:10:36.335Z,11676,1,1.3,149
68154,Virgil Bierschwale,SR,Tom Green,48451,Virgil,False,Bierschwale,REP,Republican,99,S,Texas,2026-03-04T17:10:36.335Z,11676,1,0.6,72
160846,Gulrez Khan,SR,Tom Green,48451,Gulrez,False,Khan,REP,Republican,99,S,Texas,2026-03-04T17:10:36.335Z,11676,0,0.4,48
169981,John Adefope,SR,Tom Green,48451,John,False,Adefope,REP,Republican,99,S,Texas,2026-03-04T17:10:36.335Z,11676,0,0.3,38
367,John Cornyn,SR,Travis,48453,John,True,Cornyn,REP,Republican,99,S,Texas,2026-03-04T16:26:45.030Z,55697,54,54.3,30217
58352,Ken Paxton,SR,Travis,48453,Ken,False,Paxton,REP,Republican,99,S,Texas,2026-03-04T16:26:45.030Z,55697,30,30.2,16799
68242,Wesley Hunt,SR,Travis,48453,Wesley,False,Hunt,REP,Republican,99,S,Texas,2026-03-04T16:26:45.030Z,55697,11,11.3,6321
69840,Sara Canady,SR,Travis,48453,Sara,False,Canady,REP,Republican,99,S,Texas,2026-03-04T16:26:45.030Z,55697,1,1.3,717
160846,Gulrez Khan,SR,Travis,48453,Gulrez,False,Khan,REP,Republican,99,S,Texas,2026-03-04T16:26:45.030Z,55697,1,1.0,582
169980,Anna Bender,SR,Travis,48453,Anna,False,Bender,REP,Republican,99,S,Texas,2026-03-04T16:26:45.030Z,55697,1,0.9,487
68154,Virgil Bierschwale,SR,Travis,48453,Virgil,False,Bierschwale,REP,Republican,99,S,Texas,2026-03-04T16:26:45.030Z,55697,1,0.7,401
169981,John Adefope,SR,Travis,48453,John,False,Adefope,REP,Republican,99,S,Texas,2026-03-04T16:26:45.030Z,55697,0,0.3,173
58352,Ken Paxton,SR,Trinity,48455,Ken,False,Paxton,REP,Republican,99,S,Texas,2026-03-04T17:09:15.350Z,3180,43,43.4,1380
367,John Cornyn,SR,Trinity,48455,John,True,Cornyn,REP,Republican,99,S,Texas,2026-03-04T17:09:15.350Z,3180,41,41.2,1311
68242,Wesley Hunt,SR,Trinity,48455,Wesley,False,Hunt,REP,Republican,99,S,Texas,2026-03-04T17:09:15.350Z,3180,12,11.6,370
169980,Anna Bender,SR,Trinity,48455,Anna,False,Bender,REP,Republican,99,S,Texas,2026-03-04T17:09:15.350Z,3180,1,1.4,45
69840,Sara Canady,SR,Trinity,48455,Sara,False,Canady,REP,Republican,99,S,Texas,2026-03-04T17:09:15.350Z,3180,1,1.2,37
68154,Virgil Bierschwale,SR,Trinity,48455,Virgil,False,Bierschwale,REP,Republican,99,S,Texas,2026-03-04T17:09:15.350Z,3180,0,0.4,14
160846,Gulrez Khan,SR,Trinity,48455,Gulrez,False,Khan,REP,Republican,99,S,Texas,2026-03-04T17:09:15.350Z,3180,0,0.4,13
169981,John Adefope,SR,Trinity,48455,John,False,Adefope,REP,Republican,99,S,Texas,2026-03-04T17:09:15.350Z,3180,0,0.3,10
58352,Ken Paxton,SR,Tyler,48457,Ken,False,Paxton,REP,Republican,99,S,Texas,2026-03-04T09:04:40.994Z,3369,46,45.5,1533
367,John Cornyn,SR,Tyler,48457,John,True,Cornyn,REP,Republican,99,S,Texas,2026-03-04T09:04:40.994Z,3369,39,39.5,1330
68242,Wesley Hunt,SR,Tyler,48457,Wesley,False,Hunt,REP,Republican,99,S,Texas,2026-03-04T09:04:40.994Z,3369,12,11.9,400
169980,Anna Bender,SR,Tyler,48457,Anna,False,Bender,REP,Republican,99,S,Texas,2026-03-04T09:04:40.994Z,3369,1,1.2,39
69840,Sara Canady,SR,Tyler,48457,Sara,False,Canady,REP,Republican,99,S,Texas,2026-03-04T09:04:40.994Z,3369,1,0.8,27
68154,Virgil Bierschwale,SR,Tyler,48457,Virgil,False,Bierschwale,REP,Republican,99,S,Texas,2026-03-04T09:04:40.994Z,3369,0,0.4,15
160846,Gulrez Khan,SR,Tyler,48457,Gulrez,False,Khan,REP,Republican,99,S,Texas,2026-03-04T09:04:40.994Z,3369,0,0.4,14
169981,John Adefope,SR,Tyler,48457,John,False,Adefope,REP,Republican,99,S,Texas,2026-03-04T09:04:40.994Z,3369,0,0.3,11
58352,Ken Paxton,SR,Upshur,48459,Ken,False,Paxton,REP,Republican,99,S,Texas,2026-03-04T17:13:46.811Z,6719,48,47.9,3222
367,John Cornyn,SR,Upshur,48459,John,True,Cornyn,REP,Republican,99,S,Texas,2026-03-04T17:13:46.811Z,6719,33,33.4,2242
68242,Wesley Hunt,SR,Upshur,48459,Wesley,False,Hunt,REP,Republican,99,S,Texas,2026-03-04T17:13:46.811Z,6719,15,14.9,1001
169981,John Adefope,SR,Upshur,48459,John,False,Adefope,REP,Republican,99,S,Texas,2026-03-04T17:13:46.811Z,6719,1,1.1,77
69840,Sara Canady,SR,Upshur,48459,Sara,False,Canady,REP,Republican,99,S,Texas,2026-03-04T17:13:46.811Z,6719,1,1.1,71
169980,Anna Bender,SR,Upshur,48459,Anna,False,Bender,REP,Republican,99,S,Texas,2026-03-04T17:13:46.811Z,6719,1,0.9,59
160846,Gulrez Khan,SR,Upshur,48459,Gulrez,False,Khan,REP,Republican,99,S,Texas,2026-03-04T17:13:46.811Z,6719,0,0.4,26
68154,Virgil Bierschwale,SR,Upshur,48459,Virgil,False,Bierschwale,REP,Republican,99,S,Texas,2026-03-04T17:13:46.811Z,6719,0,0.3,21
58352,Ken Paxton,SR,Upton,48461,Ken,False,Paxton,REP,Republican,99,S,Texas,2026-03-04T17:18:15.620Z,398,47,47.5,189
367,John Cornyn,SR,Upton,48461,John,True,Cornyn,REP,Republican,99,S,Texas,2026-03-04T17:18:15.620Z,398,32,32.4,129
68242,Wesley Hunt,SR,Upton,48461,Wesley,False,Hunt,REP,Republican,99,S,Texas,2026-03-04T17:18:15.620Z,398,14,14.1,56
69840,Sara Canady,SR,Upton,48461,Sara,False,Canady,REP,Republican,99,S,Texas,2026-03-04T17:18:15.620Z,398,3,2.8,11
68154,Virgil Bierschwale,SR,Upton,48461,Virgil,False,Bierschwale,REP,Republican,99,S,Texas,2026-03-04T17:18:15.620Z,398,2,1.5,6
169980,Anna Bender,SR,Upton,48461,Anna,False,Bender,REP,Republican,99,S,Texas,2026-03-04T17:18:15.620Z,398,1,0.7,3
160846,Gulrez Khan,SR,Upton,48461,Gulrez,False,Khan,REP,Republican,99,S,Texas,2026-03-04T17:18:15.620Z,398,1,0.7,3
169981,John Adefope,SR,Upton,48461,John,False,Adefope,REP,Republican,99,S,Texas,2026-03-04T17:18:15.620Z,398,0,0.3,1
367,John Cornyn,SR,Uvalde,48463,John,True,Cornyn,REP,Republican,97,S,Texas,2026-03-04T09:10:29.294Z,2946,43,43.0,1268
58352,Ken Paxton,SR,Uvalde,48463,Ken,False,Paxton,REP,Republican,97,S,Texas,2026-03-04T09:10:29.294Z,2946,41,40.5,1194
68242,Wesley Hunt,SR,Uvalde,48463,Wesley,False,Hunt,REP,Republican,97,S,Texas,2026-03-04T09:10:29.294Z,2946,10,10.0,296
169980,Anna Bender,SR,Uvalde,48463,Anna,False,Bender,REP,Republican,97,S,Texas,2026-03-04T09:10:29.294Z,2946,2,1.9,57
69840,Sara Canady,SR,Uvalde,48463,Sara,False,Canady,REP,Republican,97,S,Texas,2026-03-04T09:10:29.294Z,2946,1,1.5,45
169981,John Adefope,SR,Uvalde,48463,John,False,Adefope,REP,Republican,97,S,Texas,2026-03-04T09:10:29.294Z,2946,1,1.4,41
160846,Gulrez Khan,SR,Uvalde,48463,Gulrez,False,Khan,REP,Republican,97,S,Texas,2026-03-04T09:10:29.294Z,2946,1,0.8,23
68154,Virgil Bierschwale,SR,Uvalde,48463,Virgil,False,Bierschwale,REP,Republican,97,S,Texas,2026-03-04T09:10:29.294Z,2946,1,0.7,22
58352,Ken Paxton,SR,Val Verde,48465,Ken,False,Paxton,REP,Republican,99,S,Texas,2026-03-04T17:09:15.350Z,2682,40,40.1,1075
367,John Cornyn,SR,Val Verde,48465,John,True,Cornyn,REP,Republican,99,S,Texas,2026-03-04T17:09:15.350Z,2682,37,37.2,999
68242,Wesley Hunt,SR,Val Verde,48465,Wesley,False,Hunt,REP,Republican,99,S,Texas,2026-03-04T17:09:15.350Z,2682,12,12.2,326
69840,Sara Canady,SR,Val Verde,48465,Sara,False,Canady,REP,Republican,99,S,Texas,2026-03-04T17:09:15.350Z,2682,4,4.3,116
169981,John Adefope,SR,Val Verde,48465,John,False,Adefope,REP,Republican,99,S,Texas,2026-03-04T17:09:15.350Z,2682,2,2.2,58
160846,Gulrez Khan,SR,Val Verde,48465,Gulrez,False,Khan,REP,Republican,99,S,Texas,2026-03-04T17:09:15.350Z,2682,2,1.7,46
169980,Anna Bender,SR,Val Verde,48465,Anna,False,Bender,REP,Republican,99,S,Texas,2026-03-04T17:09:15.350Z,2682,2,1.6,43
68154,Virgil Bierschwale,SR,Val Verde,48465,Virgil,False,Bierschwale,REP,Republican,99,S,Texas,2026-03-04T17:09:15.350Z,2682,1,0.7,19
58352,Ken Paxton,SR,Van Zandt,48467,Ken,False,Paxton,REP,Republican,98,S,Texas,2026-03-04T06:25:28.784Z,9697,47,46.7,4531
367,John Cornyn,SR,Van Zandt,48467,John,True,Cornyn,REP,Republican,98,S,Texas,2026-03-04T06:25:28.784Z,9697,34,34.3,3329
68242,Wesley Hunt,SR,Van Zandt,48467,Wesley,False,Hunt,REP,Republican,98,S,Texas,2026-03-04T06:25:28.784Z,9697,16,16.4,1591
69840,Sara Canady,SR,Van Zandt,48467,Sara,False,Canady,REP,Republican,98,S,Texas,2026-03-04T06:25:28.784Z,9697,1,1.1,107
169980,Anna Bender,SR,Van Zandt,48467,Anna,False,Bender,REP,Republican,98,S,Texas,2026-03-04T06:25:28.784Z,9697,1,0.8,78
68154,Virgil Bierschwale,SR,Van Zandt,48467,Virgil,False,Bierschwale,REP,Republican,98,S,Texas,2026-03-04T06:25:28.784Z,9697,0,0.2,22
160846,Gulrez Khan,SR,Van Zandt,48467,Gulrez,False,Khan,REP,Republican,98,S,Texas,2026-03-04T06:25:28.784Z,9697,0,0.2,20
169981,John Adefope,SR,Van Zandt,48467,John,False,Adefope,REP,Republican,98,S,Texas,2026-03-04T06:25:28.784Z,9697,0,0.2,19
58352,Ken Paxton,SR,Victoria,48469,Ken,False,Paxton,REP,Republican,98,S,Texas,2026-03-04T05:39:27.472Z,8007,50,49.9,3997
367,John Cornyn,SR,Victoria,48469,John,True,Cornyn,REP,Republican,98,S,Texas,2026-03-04T05:39:27.472Z,8007,37,36.9,2952
68242,Wesley Hunt,SR,Victoria,48469,Wesley,False,Hunt,REP,Republican,98,S,Texas,2026-03-04T05:39:27.472Z,8007,10,10.3,825
160846,Gulrez Khan,SR,Victoria,48469,Gulrez,False,Khan,REP,Republican,98,S,Texas,2026-03-04T05:39:27.472Z,8007,1,0.9,75
169980,Anna Bender,SR,Victoria,48469,Anna,False,Bender,REP,Republican,98,S,Texas,2026-03-04T05:39:27.472Z,8007,1,0.8,69
69840,Sara Canady,SR,Victoria,48469,Sara,False,Canady,REP,Republican,98,S,Texas,2026-03-04T05:39:27.472Z,8007,1,0.8,63
169981,John Adefope,SR,Victoria,48469,John,False,Adefope,REP,Republican,98,S,Texas,2026-03-04T05:39:27.472Z,8007,0,0.2,13
68154,Virgil Bierschwale,SR,Victoria,48469,Virgil,False,Bierschwale,REP,Republican,98,S,Texas,2026-03-04T05:39:27.472Z,8007,0,0.2,13
58352,Ken Paxton,SR,Walker,48471,Ken,False,Paxton,REP,Republican,99,S,Texas,2026-03-04T08:28:39.328Z,7242,46,46.1,3339
367,John Cornyn,SR,Walker,48471,John,True,Cornyn,REP,Republican,99,S,Texas,2026-03-04T08:28:39.328Z,7242,36,36.3,2627
68242,Wesley Hunt,SR,Walker,48471,Wesley,False,Hunt,REP,Republican,99,S,Texas,2026-03-04T08:28:39.328Z,7242,14,14.2,1027
69840,Sara Canady,SR,Walker,48471,Sara,False,Canady,REP,Republican,99,S,Texas,2026-03-04T08:28:39.328Z,7242,2,1.7,120
169980,Anna Bender,SR,Walker,48471,Anna,False,Bender,REP,Republican,99,S,Texas,2026-03-04T08:28:39.328Z,7242,1,0.8,57
160846,Gulrez Khan,SR,Walker,48471,Gulrez,False,Khan,REP,Republican,99,S,Texas,2026-03-04T08:28:39.328Z,7242,0,0.4,31
68154,Virgil Bierschwale,SR,Walker,48471,Virgil,False,Bierschwale,REP,Republican,99,S,Texas,2026-03-04T08:28:39.328Z,7242,0,0.4,30
169981,John Adefope,SR,Walker,48471,John,False,Adefope,REP,Republican,99,S,Texas,2026-03-04T08:28:39.328Z,7242,0,0.1,11
58352,Ken Paxton,SR,Waller,48473,Ken,False,Paxton,REP,Republican,99,S,Texas,2026-03-04T08:27:11.122Z,5960,54,54.3,3235
367,John Cornyn,SR,Waller,48473,John,True,Cornyn,REP,Republican,99,S,Texas,2026-03-04T08:27:11.122Z,5960,28,27.7,1651
68242,Wesley Hunt,SR,Waller,48473,Wesley,False,Hunt,REP,Republican,99,S,Texas,2026-03-04T08:27:11.122Z,5960,15,14.9,889
69840,Sara Canady,SR,Waller,48473,Sara,False,Canady,REP,Republican,99,S,Texas,2026-03-04T08:27:11.122Z,5960,1,1.1,65
169980,Anna Bender,SR,Waller,48473,Anna,False,Bender,REP,Republican,99,S,Texas,2026-03-04T08:27:11.122Z,5960,1,0.8,46
68154,Virgil Bierschwale,SR,Waller,48473,Virgil,False,Bierschwale,REP,Republican,99,S,Texas,2026-03-04T08:27:11.122Z,5960,1,0.5,30
169981,John Adefope,SR,Waller,48473,John,False,Adefope,REP,Republican,99,S,Texas,2026-03-04T08:27:11.122Z,5960,0,0.4,23
160846,Gulrez Khan,SR,Waller,48473,Gulrez,False,Khan,REP,Republican,99,S,Texas,2026-03-04T08:27:11.122Z,5960,0,0.3,21
58352,Ken Paxton,SR,Ward,48475,Ken,False,Paxton,REP,Republican,99,S,Texas,2026-03-04T17:09:08.138Z,1000,44,43.8,438
367,John Cornyn,SR,Ward,48475,John,True,Cornyn,REP,Republican,99,S,Texas,2026-03-04T17:09:08.138Z,1000,35,35.0,350
68242,Wesley Hunt,SR,Ward,48475,Wesley,False,Hunt,REP,Republican,99,S,Texas,2026-03-04T17:09:08.138Z,1000,13,12.7,127
69840,Sara Canady,SR,Ward,48475,Sara,False,Canady,REP,Republican,99,S,Texas,2026-03-04T17:09:08.138Z,1000,3,2.8,28
169980,Anna Bender,SR,Ward,48475,Anna,False,Bender,REP,Republican,99,S,Texas,2026-03-04T17:09:08.138Z,1000,3,2.6,26
68154,Virgil Bierschwale,SR,Ward,48475,Virgil,False,Bierschwale,REP,Republican,99,S,Texas,2026-03-04T17:09:08.138Z,1000,1,1.4,14
160846,Gulrez Khan,SR,Ward,48475,Gulrez,False,Khan,REP,Republican,99,S,Texas,2026-03-04T17:09:08.138Z,1000,1,1.2,12
169981,John Adefope,SR,Ward,48475,John,False,Adefope,REP,Republican,99,S,Texas,2026-03-04T17:09:08.138Z,1000,0,0.5,5
367,John Cornyn,SR,Washington,48477,John,True,Cornyn,REP,Republican,99,S,Texas,2026-03-04T17:36:36.240Z,7256,43,42.7,3101
58352,Ken Paxton,SR,Washington,48477,Ken,False,Paxton,REP,Republican,99,S,Texas,2026-03-04T17:36:36.240Z,7256,38,38.1,2766
68242,Wesley Hunt,SR,Washington,48477,Wesley,False,Hunt,REP,Republican,99,S,Texas,2026-03-04T17:36:36.240Z,7256,15,15.2,1102
169980,Anna Bender,SR,Washington,48477,Anna,False,Bender,REP,Republican,99,S,Texas,2026-03-04T17:36:36.240Z,7256,1,1.4,99
69840,Sara Canady,SR,Washington,48477,Sara,False,Canady,REP,Republican,99,S,Texas,2026-03-04T17:36:36.240Z,7256,1,1.3,94
160846,Gulrez Khan,SR,Washington,48477,Gulrez,False,Khan,REP,Republican,99,S,Texas,2026-03-04T17:36:36.240Z,7256,1,0.8,58
68154,Virgil Bierschwale,SR,Washington,48477,Virgil,False,Bierschwale,REP,Republican,99,S,Texas,2026-03-04T17:36:36.240Z,7256,0,0.3,20
169981,John Adefope,SR,Washington,48477,John,False,Adefope,REP,Republican,99,S,Texas,2026-03-04T17:36:36.240Z,7256,0,0.2,16
58352,Ken Paxton,SR,Webb,48479,Ken,False,Paxton,REP,Republican,99,S,Texas,2026-03-04T06:22:04.530Z,4372,41,40.7,1780
367,John Cornyn,SR,Webb,48479,John,True,Cornyn,REP,Republican,99,S,Texas,2026-03-04T06:22:04.530Z,4372,31,31.5,1376
68242,Wesley Hunt,SR,Webb,48479,Wesley,False,Hunt,REP,Republican,99,S,Texas,2026-03-04T06:22:04.530Z,4372,10,10.5,458
169980,Anna Bender,SR,Webb,48479,Anna,False,Bender,REP,Republican,99,S,Texas,2026-03-04T06:22:04.530Z,4372,7,7.2,317
69840,Sara Canady,SR,Webb,48479,Sara,False,Canady,REP,Republican,99,S,Texas,2026-03-04T06:22:04.530Z,4372,5,4.5,198
160846,Gulrez Khan,SR,Webb,48479,Gulrez,False,Khan,REP,Republican,99,S,Texas,2026-03-04T06:22:04.530Z,4372,2,2.3,100
169981,John Adefope,SR,Webb,48479,John,False,Adefope,REP,Republican,99,S,Texas,2026-03-04T06:22:04.530Z,4372,2,2.2,95
68154,Virgil Bierschwale,SR,Webb,48479,Virgil,False,Bierschwale,REP,Republican,99,S,Texas,2026-03-04T06:22:04.530Z,4372,1,1.1,48
58352,Ken Paxton,SR,Wharton,48481,Ken,False,Paxton,REP,Republican,99,S,Texas,2026-03-04T06:40:13.706Z,5139,45,45.3,2328
367,John Cornyn,SR,Wharton,48481,John,True,Cornyn,REP,Republican,99,S,Texas,2026-03-04T06:40:13.706Z,5139,38,37.5,1929
68242,Wesley Hunt,SR,Wharton,48481,Wesley,False,Hunt,REP,Republican,99,S,Texas,2026-03-04T06:40:13.706Z,5139,13,13.3,681
160846,Gulrez Khan,SR,Wharton,48481,Gulrez,False,Khan,REP,Republican,99,S,Texas,2026-03-04T06:40:13.706Z,5139,1,1.3,69
169980,Anna Bender,SR,Wharton,48481,Anna,False,Bender,REP,Republican,99,S,Texas,2026-03-04T06:40:13.706Z,5139,1,1.2,64
69840,Sara Canady,SR,Wharton,48481,Sara,False,Canady,REP,Republican,99,S,Texas,2026-03-04T06:40:13.706Z,5139,1,0.9,44
68154,Virgil Bierschwale,SR,Wharton,48481,Virgil,False,Bierschwale,REP,Republican,99,S,Texas,2026-03-04T06:40:13.706Z,5139,0,0.3,13
169981,John Adefope,SR,Wharton,48481,John,False,Adefope,REP,Republican,99,S,Texas,2026-03-04T06:40:13.706Z,5139,0,0.2,11
58352,Ken Paxton,SR,Wheeler,48483,Ken,False,Paxton,REP,Republican,99,S,Texas,2026-03-04T17:08:55.393Z,1123,50,49.9,561
367,John Cornyn,SR,Wheeler,48483,John,True,Cornyn,REP,Republican,99,S,Texas,2026-03-04T17:08:55.393Z,1123,39,39.2,440
68242,Wesley Hunt,SR,Wheeler,48483,Wesley,False,Hunt,REP,Republican,99,S,Texas,2026-03-04T17:08:55.393Z,1123,8,8.2,92
69840,Sara Canady,SR,Wheeler,48483,Sara,False,Canady,REP,Republican,99,S,Texas,2026-03-04T17:08:55.393Z,1123,1,1.2,13
169980,Anna Bender,SR,Wheeler,48483,Anna,False,Bender,REP,Republican,99,S,Texas,2026-03-04T17:08:55.393Z,1123,1,0.6,7
68154,Virgil Bierschwale,SR,Wheeler,48483,Virgil,False,Bierschwale,REP,Republican,99,S,Texas,2026-03-04T17:08:55.393Z,1123,0,0.4,5
169981,John Adefope,SR,Wheeler,48483,John,False,Adefope,REP,Republican,99,S,Texas,2026-03-04T17:08:55.393Z,1123,0,0.4,4
160846,Gulrez Khan,SR,Wheeler,48483,Gulrez,False,Khan,REP,Republican,99,S,Texas,2026-03-04T17:08:55.393Z,1123,0,0.1,1
58352,Ken Paxton,SR,Wichita,48485,Ken,False,Paxton,REP,Republican,99,S,Texas,2026-03-04T16:53:29.061Z,9640,44,43.8,4219
367,John Cornyn,SR,Wichita,48485,John,True,Cornyn,REP,Republican,99,S,Texas,2026-03-04T16:53:29.061Z,9640,44,43.6,4203
68242,Wesley Hunt,SR,Wichita,48485,Wesley,False,Hunt,REP,Republican,99,S,Texas,2026-03-04T16:53:29.061Z,9640,9,8.7,837
169980,Anna Bender,SR,Wichita,48485,Anna,False,Bender,REP,Republican,99,S,Texas,2026-03-04T16:53:29.061Z,9640,1,1.4,134
69840,Sara Canady,SR,Wichita,48485,Sara,False,Canady,REP,Republican,99,S,Texas,2026-03-04T16:53:29.061Z,9640,1,1.2,121
160846,Gulrez Khan,SR,Wichita,48485,Gulrez,False,Khan,REP,Republican,99,S,Texas,2026-03-04T16:53:29.061Z,9640,1,0.8,76
68154,Virgil Bierschwale,SR,Wichita,48485,Virgil,False,Bierschwale,REP,Republican,99,S,Texas,2026-03-04T16:53:29.061Z,9640,0,0.3,30
169981,John Adefope,SR,Wichita,48485,John,False,Adefope,REP,Republican,99,S,Texas,2026-03-04T16:53:29.061Z,9640,0,0.2,20
58352,Ken Paxton,SR,Wilbarger,48487,Ken,False,Paxton,REP,Republican,92,S,Texas,2026-03-04T07:37:37.700Z,1375,53,52.9,727
367,John Cornyn,SR,Wilbarger,48487,John,True,Cornyn,REP,Republican,92,S,Texas,2026-03-04T07:37:37.700Z,1375,36,36.0,495
68242,Wesley Hunt,SR,Wilbarger,48487,Wesley,False,Hunt,REP,Republican,92,S,Texas,2026-03-04T07:37:37.700Z,1375,7,7.4,102
169980,Anna Bender,SR,Wilbarger,48487,Anna,False,Bender,REP,Republican,92,S,Texas,2026-03-04T07:37:37.700Z,1375,2,1.6,22
69840,Sara Canady,SR,Wilbarger,48487,Sara,False,Canady,REP,Republican,92,S,Texas,2026-03-04T07:37:37.700Z,1375,1,1.2,16
160846,Gulrez Khan,SR,Wilbarger,48487,Gulrez,False,Khan,REP,Republican,92,S,Texas,2026-03-04T07:37:37.700Z,1375,1,0.5,7
169981,John Adefope,SR,Wilbarger,48487,John,False,Adefope,REP,Republican,92,S,Texas,2026-03-04T07:37:37.700Z,1375,0,0.3,4
68154,Virgil Bierschwale,SR,Wilbarger,48487,Virgil,False,Bierschwale,REP,Republican,92,S,Texas,2026-03-04T07:37:37.700Z,1375,0,0.1,2
58352,Ken Paxton,SR,Willacy,48489,Ken,False,Paxton,REP,Republican,99,S,Texas,2026-03-04T04:51:29.718Z,582,42,42.1,245
367,John Cornyn,SR,Willacy,48489,John,True,Cornyn,REP,Republican,99,S,Texas,2026-03-04T04:51:29.718Z,582,36,35.9,209
68242,Wesley Hunt,SR,Willacy,48489,Wesley,False,Hunt,REP,Republican,99,S,Texas,2026-03-04T04:51:29.718Z,582,14,13.9,81
69840,Sara Canady,SR,Willacy,48489,Sara,False,Canady,REP,Republican,99,S,Texas,2026-03-04T04:51:29.718Z,582,2,2.4,14
169980,Anna Bender,SR,Willacy,48489,Anna,False,Bender,REP,Republican,99,S,Texas,2026-03-04T04:51:29.718Z,582,2,2.1,12
160846,Gulrez Khan,SR,Willacy,48489,Gulrez,False,Khan,REP,Republican,99,S,Texas,2026-03-04T04:51:29.718Z,582,2,1.7,10
169981,John Adefope,SR,Willacy,48489,John,False,Adefope,REP,Republican,99,S,Texas,2026-03-04T04:51:29.718Z,582,1,1.2,7
68154,Virgil Bierschwale,SR,Willacy,48489,Virgil,False,Bierschwale,REP,Republican,99,S,Texas,2026-03-04T04:51:29.718Z,582,1,0.7,4
367,John Cornyn,SR,Williamson,48491,John,True,Cornyn,REP,Republican,64,S,Texas,2026-03-04T14:38:58.604Z,36301,52,52.2,18931
58352,Ken Paxton,SR,Williamson,48491,Ken,False,Paxton,REP,Republican,64,S,Texas,2026-03-04T14:38:58.604Z,36301,32,31.6,11461
68242,Wesley Hunt,SR,Williamson,48491,Wesley,False,Hunt,REP,Republican,64,S,Texas,2026-03-04T14:38:58.604Z,36301,12,12.0,4369
69840,Sara Canady,SR,Williamson,48491,Sara,False,Canady,REP,Republican,64,S,Texas,2026-03-04T14:38:58.604Z,36301,2,1.9,689
169980,Anna Bender,SR,Williamson,48491,Anna,False,Bender,REP,Republican,64,S,Texas,2026-03-04T14:38:58.604Z,36301,1,1.1,396
160846,Gulrez Khan,SR,Williamson,48491,Gulrez,False,Khan,REP,Republican,64,S,Texas,2026-03-04T14:38:58.604Z,36301,1,0.7,263
68154,Virgil Bierschwale,SR,Williamson,48491,Virgil,False,Bierschwale,REP,Republican,64,S,Texas,2026-03-04T14:38:58.604Z,36301,0,0.4,142
169981,John Adefope,SR,Williamson,48491,John,False,Adefope,REP,Republican,64,S,Texas,2026-03-04T14:38:58.604Z,36301,0,0.1,50
58352,Ken Paxton,SR,Wilson,48493,Ken,False,Paxton,REP,Republican,99,S,Texas,2026-03-04T17:08:46.812Z,7440,42,42.3,3151
367,John Cornyn,SR,Wilson,48493,John,True,Cornyn,REP,Republican,99,S,Texas,2026-03-04T17:08:46.812Z,7440,41,41.0,3047
68242,Wesley Hunt,SR,Wilson,48493,Wesley,False,Hunt,REP,Republican,99,S,Texas,2026-03-04T17:08:46.812Z,7440,11,10.7,796
69840,Sara Canady,SR,Wilson,48493,Sara,False,Canady,REP,Republican,99,S,Texas,2026-03-04T17:08:46.812Z,7440,3,3.4,252
169980,Anna Bender,SR,Wilson,48493,Anna,False,Bender,REP,Republican,99,S,Texas,2026-03-04T17:08:46.812Z,7440,1,0.9,67
169981,John Adefope,SR,Wilson,48493,John,False,Adefope,REP,Republican,99,S,Texas,2026-03-04T17:08:46.812Z,7440,1,0.7,52
68154,Virgil Bierschwale,SR,Wilson,48493,Virgil,False,Bierschwale,REP,Republican,99,S,Texas,2026-03-04T17:08:46.812Z,7440,1,0.6,42
160846,Gulrez Khan,SR,Wilson,48493,Gulrez,False,Khan,REP,Republican,99,S,Texas,2026-03-04T17:08:46.812Z,7440,0,0.4,33
58352,Ken Paxton,SR,Winkler,48495,Ken,False,Paxton,REP,Republican,99,S,Texas,2026-03-04T05:24:26.330Z,643,44,44.0,283
367,John Cornyn,SR,Winkler,48495,John,True,Cornyn,REP,Republican,99,S,Texas,2026-03-04T05:24:26.330Z,643,35,34.5,222
68242,Wesley Hunt,SR,Winkler,48495,Wesley,False,Hunt,REP,Republican,99,S,Texas,2026-03-04T05:24:26.330Z,643,15,14.9,96
69840,Sara Canady,SR,Winkler,48495,Sara,False,Canady,REP,Republican,99,S,Texas,2026-03-04T05:24:26.330Z,643,3,3.3,21
169980,Anna Bender,SR,Winkler,48495,Anna,False,Bender,REP,Republican,99,S,Texas,2026-03-04T05:24:26.330Z,643,2,2.3,15
160846,Gulrez Khan,SR,Winkler,48495,Gulrez,False,Khan,REP,Republican,99,S,Texas,2026-03-04T05:24:26.330Z,643,1,0.8,5
169981,John Adefope,SR,Winkler,48495,John,False,Adefope,REP,Republican,99,S,Texas,2026-03-04T05:24:26.330Z,643,0,0.2,1
68154,Virgil Bierschwale,SR,Winkler,48495,Virgil,False,Bierschwale,REP,Republican,99,S,Texas,2026-03-04T05:24:26.330Z,643,0,0.0,0
58352,Ken Paxton,SR,Wise,48497,Ken,False,Paxton,REP,Republican,99,S,Texas,2026-03-04T07:32:59.884Z,11772,48,48.5,5707
367,John Cornyn,SR,Wise,48497,John,True,Cornyn,REP,Republican,99,S,Texas,2026-03-04T07:32:59.884Z,11772,35,35.4,4173
68242,Wesley Hunt,SR,Wise,48497,Wesley,False,Hunt,REP,Republican,99,S,Texas,2026-03-04T07:32:59.884Z,11772,13,13.3,1562
169980,Anna Bender,SR,Wise,48497,Anna,False,Bender,REP,Republican,99,S,Texas,2026-03-04T07:32:59.884Z,11772,1,0.9,106
69840,Sara Canady,SR,Wise,48497,Sara,False,Canady,REP,Republican,99,S,Texas,2026-03-04T07:32:59.884Z,11772,1,0.9,101
160846,Gulrez Khan,SR,Wise,48497,Gulrez,False,Khan,REP,Republican,99,S,Texas,2026-03-04T07:32:59.884Z,11772,1,0.6,69
169981,John Adefope,SR,Wise,48497,John,False,Adefope,REP,Republican,99,S,Texas,2026-03-04T07:32:59.884Z,11772,0,0.2,27
68154,Virgil Bierschwale,SR,Wise,48497,Virgil,False,Bierschwale,REP,Republican,99,S,Texas,2026-03-04T07:32:59.884Z,11772,0,0.2,27
58352,Ken Paxton,SR,Wood,48499,Ken,False,Paxton,REP,Republican,99,S,Texas,2026-03-04T09:16:09.491Z,9487,50,50.0,4742
367,John Cornyn,SR,Wood,48499,John,True,Cornyn,REP,Republican,99,S,Texas,2026-03-04T09:16:09.491Z,9487,35,35.1,3330
68242,Wesley Hunt,SR,Wood,48499,Wesley,False,Hunt,REP,Republican,99,S,Texas,2026-03-04T09:16:09.491Z,9487,11,11.4,1079
69840,Sara Canady,SR,Wood,48499,Sara,False,Canady,REP,Republican,99,S,Texas,2026-03-04T09:16:09.491Z,9487,2,1.5,144
169980,Anna Bender,SR,Wood,48499,Anna,False,Bender,REP,Republican,99,S,Texas,2026-03-04T09:16:09.491Z,9487,1,0.8,74
169981,John Adefope,SR,Wood,48499,John,False,Adefope,REP,Republican,99,S,Texas,2026-03-04T09:16:09.491Z,9487,1,0.8,73
68154,Virgil Bierschwale,SR,Wood,48499,Virgil,False,Bierschwale,REP,Republican,99,S,Texas,2026-03-04T09:16:09.491Z,9487,0,0.2,25
160846,Gulrez Khan,SR,Wood,48499,Gulrez,False,Khan,REP,Republican,99,S,Texas,2026-03-04T09:16:09.491Z,9487,0,0.2,20
58352,Ken Paxton,SR,Yoakum,48501,Ken,False,Paxton,REP,Republican,99,S,Texas,2026-03-04T17:08:46.812Z,1211,44,43.8,531
367,John Cornyn,SR,Yoakum,48501,John,True,Cornyn,REP,Republican,99,S,Texas,2026-03-04T17:08:46.812Z,1211,36,36.3,440
68242,Wesley Hunt,SR,Yoakum,48501,Wesley,False,Hunt,REP,Republican,99,S,Texas,2026-03-04T17:08:46.812Z,1211,14,13.6,165
169980,Anna Bender,SR,Yoakum,48501,Anna,False,Bender,REP,Republican,99,S,Texas,2026-03-04T17:08:46.812Z,1211,2,2.5,30
69840,Sara Canady,SR,Yoakum,48501,Sara,False,Canady,REP,Republican,99,S,Texas,2026-03-04T17:08:46.812Z,1211,2,2.1,25
160846,Gulrez Khan,SR,Yoakum,48501,Gulrez,False,Khan,REP,Republican,99,S,Texas,2026-03-04T17:08:46.812Z,1211,1,0.9,11
68154,Virgil Bierschwale,SR,Yoakum,48501,Virgil,False,Bierschwale,REP,Republican,99,S,Texas,2026-03-04T17:08:46.812Z,1211,0,0.4,5
169981,John Adefope,SR,Yoakum,48501,John,False,Adefope,REP,Republican,99,S,Texas,2026-03-04T17:08:46.812Z,1211,0,0.3,4
367,John Cornyn,SR,Young,48503,John,True,Cornyn,REP,Republican,99,S,Texas,2026-03-04T09:04:29.146Z,3290,47,47.4,1560
58352,Ken Paxton,SR,Young,48503,Ken,False,Paxton,REP,Republican,99,S,Texas,2026-03-04T09:04:29.146Z,3290,40,39.9,1312
68242,Wesley Hunt,SR,Young,48503,Wesley,False,Hunt,REP,Republican,99,S,Texas,2026-03-04T09:04:29.146Z,3290,10,9.8,321
69840,Sara Canady,SR,Young,48503,Sara,False,Canady,REP,Republican,99,S,Texas,2026-03-04T09:04:29.146Z,3290,1,1.3,44
169980,Anna Bender,SR,Young,48503,Anna,False,Bender,REP,Republican,99,S,Texas,2026-03-04T09:04:29.146Z,3290,1,0.8,27
160846,Gulrez Khan,SR,Young,48503,Gulrez,False,Khan,REP,Republican,99,S,Texas,2026-03-04T09:04:29.146Z,3290,0,0.4,13
68154,Virgil Bierschwale,SR,Young,48503,Virgil,False,Bierschwale,REP,Republican,99,S,Texas,2026-03-04T09:04:29.146Z,3290,0,0.3,10
169981,John Adefope,SR,Young,48503,John,False,Adefope,REP,Republican,99,S,Texas,2026-03-04T09:04:29.146Z,3290,0,0.1,3
58352,Ken Paxton,SR,Zapata,48505,Ken,False,Paxton,REP,Republican,99,S,Texas,2026-03-04T17:08:36.505Z,93,55,54.8,51
367,John Cornyn,SR,Zapata,48505,John,True,Cornyn,REP,Republican,99,S,Texas,2026-03-04T17:08:36.505Z,93,30,30.1,28
68242,Wesley Hunt,SR,Zapata,48505,Wesley,False,Hunt,REP,Republican,99,S,Texas,2026-03-04T17:08:36.505Z,93,5,5.4,5
169981,John Adefope,SR,Zapata,48505,John,False,Adefope,REP,Republican,99,S,Texas,2026-03-04T17:08:36.505Z,93,3,3.2,3
69840,Sara Canady,SR,Zapata,48505,Sara,False,Canady,REP,Republican,99,S,Texas,2026-03-04T17:08:36.505Z,93,3,3.2,3
169980,Anna Bender,SR,Zapata,48505,Anna,False,Bender,REP,Republican,99,S,Texas,2026-03-04T17:08:36.505Z,93,1,1.1,1
68154,Virgil Bierschwale,SR,Zapata,48505,Virgil,False,Bierschwale,REP,Republican,99,S,Texas,2026-03-04T17:08:36.505Z,93,1,1.1,1
160846,Gulrez Khan,SR,Zapata,48505,Gulrez,False,Khan,REP,Republican,99,S,Texas,2026-03-04T17:08:36.505Z,93,1,1.1,1
58352,Ken Paxton,SR,Zavala,48507,Ken,False,Paxton,REP,Republican,99,S,Texas,2026-03-04T09:11:24.051Z,239,44,43.9,105
367,John Cornyn,SR,Zavala,48507,John,True,Cornyn,REP,Republican,99,S,Texas,2026-03-04T09:11:24.051Z,239,30,30.1,72
68242,Wesley Hunt,SR,Zavala,48507,Wesley,False,Hunt,REP,Republican,99,S,Texas,2026-03-04T09:11:24.051Z,239,13,13.4,32
160846,Gulrez Khan,SR,Zavala,48507,Gulrez,False,Khan,REP,Republican,99,S,Texas,2026-03-04T09:11:24.051Z,239,4,3.8,9
69840,Sara Canady,SR,Zavala,48507,Sara,False,Canady,REP,Republican,99,S,Texas,2026-03-04T09:11:24.051Z,239,3,2.9,7
68154,Virgil Bierschwale,SR,Zavala,48507,Virgil,False,Bierschwale,REP,Republican,99,S,Texas,2026-03-04T09:11:24.051Z,239,3,2.5,6
169980,Anna Bender,SR,Zavala,48507,Anna,False,Bender,REP,Republican,99,S,Texas,2026-03-04T09:11:24.051Z,239,2,2.1,5
169981,John Adefope,SR,Zavala,48507,John,False,Adefope,REP,Republican,99,S,Texas,2026-03-04T09:11:24.051Z,239,1,1.3,3
